{"CategoryName":"Imported Playbooks","OverviewTemplatesDetails":[],"WidgetTemplates":[],"Definition":{"Identifier":"625aa25d-f475-4727-a913-49e8853d6977","IsEnable":true,"Version":0.0,"IsArchived":false,"IsAutomatic":true,"Name":"Vectra QUX - Process Case Playbook","Category":8,"Description":"This playbook assigns a user to a Vectra entity for QUX, adds a note with a SOAR case link, and moves the case to the Investigation stage.","Priority":1,"Creator":"f526e018-f7b1-4a83-a5c2-9d2d9535c4a8","VersionCreator":null,"VersionComment":null,"OriginalWorkflowIdentifier":"625aa25d-f475-4727-a913-49e8853d6977","TemplateName":null,"PlaybookType":0,"IsDebugMode":false,"DebugBaseAlertIdentifier":null,"DebugAlertIdentifier":null,"SimulationClone":false,"DefaultAccessLevel":2,"Steps":[{"Identifier":"3c2108d9-6da4-4fa8-9c03-132d948f0250","OriginalStepIdentifier":"3c2108d9-6da4-4fa8-9c03-132d948f0250","ParentWorkflowIdentifier":"625aa25d-f475-4727-a913-49e8853d6977","ParentStepIdentifiers":[],"ParentStepIdentifier":"","PreviousResultCondition":null,"InstanceName":"List Users","IsAutomatic":true,"Name":"VectraQUX_List Users","IsSkippable":false,"Description":"Retrieve Entire List of Users\n","ActionProvider":"Scripts","ActionName":"VectraQUX_List Users","Type":0,"Integration":"VectraQUX","Parameters":[{"ParentStepIdentifier":"3c2108d9-6da4-4fa8-9c03-132d948f0250","ParentWorkflowIdentifier":"625aa25d-f475-4727-a913-49e8853d6977","Name":"AssignedUsers","Value":null},{"ParentStepIdentifier":"3c2108d9-6da4-4fa8-9c03-132d948f0250","ParentWorkflowIdentifier":"625aa25d-f475-4727-a913-49e8853d6977","Name":"AsyncActionTimeout","Value":"86400"},{"ParentStepIdentifier":"3c2108d9-6da4-4fa8-9c03-132d948f0250","ParentWorkflowIdentifier":"625aa25d-f475-4727-a913-49e8853d6977","Name":"AsyncPollingInterval","Value":"3600"},{"ParentStepIdentifier":"3c2108d9-6da4-4fa8-9c03-132d948f0250","ParentWorkflowIdentifier":"625aa25d-f475-4727-a913-49e8853d6977","Name":"DynamicInjectionInstancePlaceholder","Value":""},{"ParentStepIdentifier":"3c2108d9-6da4-4fa8-9c03-132d948f0250","ParentWorkflowIdentifier":"625aa25d-f475-4727-a913-49e8853d6977","Name":"FallbackIntegrationInstance","Value":null},{"ParentStepIdentifier":"3c2108d9-6da4-4fa8-9c03-132d948f0250","ParentWorkflowIdentifier":"625aa25d-f475-4727-a913-49e8853d6977","Name":"FetchInstanceByName","Value":"false"},{"ParentStepIdentifier":"3c2108d9-6da4-4fa8-9c03-132d948f0250","ParentWorkflowIdentifier":"625aa25d-f475-4727-a913-49e8853d6977","Name":"HasApprovalLink","Value":null},{"ParentStepIdentifier":"3c2108d9-6da4-4fa8-9c03-132d948f0250","ParentWorkflowIdentifier":"625aa25d-f475-4727-a913-49e8853d6977","Name":"IntegrationInstance","Value":"3fab9106-1024-4521-848e-26f63936f4c8"},{"ParentStepIdentifier":"3c2108d9-6da4-4fa8-9c03-132d948f0250","ParentWorkflowIdentifier":"625aa25d-f475-4727-a913-49e8853d6977","Name":"MessageToAssignee","Value":null},{"ParentStepIdentifier":"3c2108d9-6da4-4fa8-9c03-132d948f0250","ParentWorkflowIdentifier":"625aa25d-f475-4727-a913-49e8853d6977","Name":"PendingActionTimeout","Value":null},{"ParentStepIdentifier":"3c2108d9-6da4-4fa8-9c03-132d948f0250","ParentWorkflowIdentifier":"625aa25d-f475-4727-a913-49e8853d6977","Name":"ScriptName","Value":"VectraQUX_List Users"},{"ParentStepIdentifier":"3c2108d9-6da4-4fa8-9c03-132d948f0250","ParentWorkflowIdentifier":"625aa25d-f475-4727-a913-49e8853d6977","Name":"ScriptParametersEntityFields","Value":"{\"Role\":\"\",\"Authentication Profile\":\"\",\"Last Login GTE\":\"\",\"User Name\":\"\",\"Account Type\":\"\",\"Limit\":\"\"}"},{"ParentStepIdentifier":"3c2108d9-6da4-4fa8-9c03-132d948f0250","ParentWorkflowIdentifier":"625aa25d-f475-4727-a913-49e8853d6977","Name":"SelectedScopeName","Value":"All entities"}],"AutoSkipOnFailure":false,"IsDebugMockData":false,"StepDebugData":null,"ParentStepContainerId":null,"IsTouchedByAi":false,"ParallelActions":[]},{"Identifier":"3c8d299f-2c6e-4413-94eb-ed238c06edfc","OriginalStepIdentifier":"3c8d299f-2c6e-4413-94eb-ed238c06edfc","ParentWorkflowIdentifier":"625aa25d-f475-4727-a913-49e8853d6977","ParentStepIdentifiers":["ad56c50e-69c9-4d61-ade5-5ad8c7e98f7e"],"ParentStepIdentifier":"ad56c50e-69c9-4d61-ade5-5ad8c7e98f7e","PreviousResultCondition":"{\n  \"ad56c50e-69c9-4d61-ade5-5ad8c7e98f7e\": \"2\"\n}","InstanceName":"Assign Entity Host","IsAutomatic":false,"Name":"VectraQUX_Assign Entity","IsSkippable":false,"Description":"Assign entity to the provided User ID to entity type host","ActionProvider":"Scripts","ActionName":"VectraQUX_Assign Entity","Type":0,"Integration":"VectraQUX","Parameters":[{"ParentStepIdentifier":"3c8d299f-2c6e-4413-94eb-ed238c06edfc","ParentWorkflowIdentifier":"625aa25d-f475-4727-a913-49e8853d6977","Name":"AssignedUsers","Value":null},{"ParentStepIdentifier":"3c8d299f-2c6e-4413-94eb-ed238c06edfc","ParentWorkflowIdentifier":"625aa25d-f475-4727-a913-49e8853d6977","Name":"AsyncActionTimeout","Value":"86400"},{"ParentStepIdentifier":"3c8d299f-2c6e-4413-94eb-ed238c06edfc","ParentWorkflowIdentifier":"625aa25d-f475-4727-a913-49e8853d6977","Name":"AsyncPollingInterval","Value":"3600"},{"ParentStepIdentifier":"3c8d299f-2c6e-4413-94eb-ed238c06edfc","ParentWorkflowIdentifier":"625aa25d-f475-4727-a913-49e8853d6977","Name":"DynamicInjectionInstancePlaceholder","Value":""},{"ParentStepIdentifier":"3c8d299f-2c6e-4413-94eb-ed238c06edfc","ParentWorkflowIdentifier":"625aa25d-f475-4727-a913-49e8853d6977","Name":"FallbackIntegrationInstance","Value":null},{"ParentStepIdentifier":"3c8d299f-2c6e-4413-94eb-ed238c06edfc","ParentWorkflowIdentifier":"625aa25d-f475-4727-a913-49e8853d6977","Name":"FetchInstanceByName","Value":"false"},{"ParentStepIdentifier":"3c8d299f-2c6e-4413-94eb-ed238c06edfc","ParentWorkflowIdentifier":"625aa25d-f475-4727-a913-49e8853d6977","Name":"HasApprovalLink","Value":"true"},{"ParentStepIdentifier":"3c8d299f-2c6e-4413-94eb-ed238c06edfc","ParentWorkflowIdentifier":"625aa25d-f475-4727-a913-49e8853d6977","Name":"IntegrationInstance","Value":"3fab9106-1024-4521-848e-26f63936f4c8"},{"ParentStepIdentifier":"3c8d299f-2c6e-4413-94eb-ed238c06edfc","ParentWorkflowIdentifier":"625aa25d-f475-4727-a913-49e8853d6977","Name":"MessageToAssignee","Value":null},{"ParentStepIdentifier":"3c8d299f-2c6e-4413-94eb-ed238c06edfc","ParentWorkflowIdentifier":"625aa25d-f475-4727-a913-49e8853d6977","Name":"PendingActionTimeout","Value":null},{"ParentStepIdentifier":"3c8d299f-2c6e-4413-94eb-ed238c06edfc","ParentWorkflowIdentifier":"625aa25d-f475-4727-a913-49e8853d6977","Name":"ScriptName","Value":"VectraQUX_Assign Entity"},{"ParentStepIdentifier":"3c8d299f-2c6e-4413-94eb-ed238c06edfc","ParentWorkflowIdentifier":"625aa25d-f475-4727-a913-49e8853d6977","Name":"ScriptParametersEntityFields","Value":"{\"Entity ID\":\"[Alert.Id]\",\"Entity Type\":\"Host\",\"User ID\":\" 0\"}"},{"ParentStepIdentifier":"3c8d299f-2c6e-4413-94eb-ed238c06edfc","ParentWorkflowIdentifier":"625aa25d-f475-4727-a913-49e8853d6977","Name":"SelectedScopeName","Value":"All entities"}],"AutoSkipOnFailure":false,"IsDebugMockData":false,"StepDebugData":null,"ParentStepContainerId":null,"IsTouchedByAi":false,"ParallelActions":[]},{"Identifier":"4965ea6a-10d8-4f2f-b5fc-ae05cc4a717e","OriginalStepIdentifier":"4965ea6a-10d8-4f2f-b5fc-ae05cc4a717e","ParentWorkflowIdentifier":"625aa25d-f475-4727-a913-49e8853d6977","ParentStepIdentifiers":["ad56c50e-69c9-4d61-ade5-5ad8c7e98f7e"],"ParentStepIdentifier":"ad56c50e-69c9-4d61-ade5-5ad8c7e98f7e","PreviousResultCondition":"{\n  \"ad56c50e-69c9-4d61-ade5-5ad8c7e98f7e\": \"1\"\n}","InstanceName":"Assign Entity Account","IsAutomatic":false,"Name":"VectraQUX_Assign Entity","IsSkippable":false,"Description":"Assign entity to the provided User ID to entity type account","ActionProvider":"Scripts","ActionName":"VectraQUX_Assign Entity","Type":0,"Integration":"VectraQUX","Parameters":[{"ParentStepIdentifier":"4965ea6a-10d8-4f2f-b5fc-ae05cc4a717e","ParentWorkflowIdentifier":"625aa25d-f475-4727-a913-49e8853d6977","Name":"AssignedUsers","Value":null},{"ParentStepIdentifier":"4965ea6a-10d8-4f2f-b5fc-ae05cc4a717e","ParentWorkflowIdentifier":"625aa25d-f475-4727-a913-49e8853d6977","Name":"AsyncActionTimeout","Value":"86400"},{"ParentStepIdentifier":"4965ea6a-10d8-4f2f-b5fc-ae05cc4a717e","ParentWorkflowIdentifier":"625aa25d-f475-4727-a913-49e8853d6977","Name":"AsyncPollingInterval","Value":"3600"},{"ParentStepIdentifier":"4965ea6a-10d8-4f2f-b5fc-ae05cc4a717e","ParentWorkflowIdentifier":"625aa25d-f475-4727-a913-49e8853d6977","Name":"DynamicInjectionInstancePlaceholder","Value":""},{"ParentStepIdentifier":"4965ea6a-10d8-4f2f-b5fc-ae05cc4a717e","ParentWorkflowIdentifier":"625aa25d-f475-4727-a913-49e8853d6977","Name":"FallbackIntegrationInstance","Value":null},{"ParentStepIdentifier":"4965ea6a-10d8-4f2f-b5fc-ae05cc4a717e","ParentWorkflowIdentifier":"625aa25d-f475-4727-a913-49e8853d6977","Name":"FetchInstanceByName","Value":"false"},{"ParentStepIdentifier":"4965ea6a-10d8-4f2f-b5fc-ae05cc4a717e","ParentWorkflowIdentifier":"625aa25d-f475-4727-a913-49e8853d6977","Name":"HasApprovalLink","Value":"true"},{"ParentStepIdentifier":"4965ea6a-10d8-4f2f-b5fc-ae05cc4a717e","ParentWorkflowIdentifier":"625aa25d-f475-4727-a913-49e8853d6977","Name":"IntegrationInstance","Value":"3fab9106-1024-4521-848e-26f63936f4c8"},{"ParentStepIdentifier":"4965ea6a-10d8-4f2f-b5fc-ae05cc4a717e","ParentWorkflowIdentifier":"625aa25d-f475-4727-a913-49e8853d6977","Name":"MessageToAssignee","Value":null},{"ParentStepIdentifier":"4965ea6a-10d8-4f2f-b5fc-ae05cc4a717e","ParentWorkflowIdentifier":"625aa25d-f475-4727-a913-49e8853d6977","Name":"PendingActionTimeout","Value":null},{"ParentStepIdentifier":"4965ea6a-10d8-4f2f-b5fc-ae05cc4a717e","ParentWorkflowIdentifier":"625aa25d-f475-4727-a913-49e8853d6977","Name":"ScriptName","Value":"VectraQUX_Assign Entity"},{"ParentStepIdentifier":"4965ea6a-10d8-4f2f-b5fc-ae05cc4a717e","ParentWorkflowIdentifier":"625aa25d-f475-4727-a913-49e8853d6977","Name":"ScriptParametersEntityFields","Value":"{\"Entity ID\":\" [Alert.Id]\",\"Entity Type\":\"Account\",\"User ID\":\" 0\"}"},{"ParentStepIdentifier":"4965ea6a-10d8-4f2f-b5fc-ae05cc4a717e","ParentWorkflowIdentifier":"625aa25d-f475-4727-a913-49e8853d6977","Name":"SelectedScopeName","Value":"All entities"}],"AutoSkipOnFailure":false,"IsDebugMockData":false,"StepDebugData":null,"ParentStepContainerId":null,"IsTouchedByAi":false,"ParallelActions":[]},{"Identifier":"ab63c2fa-3c4d-4ee4-a7b7-8b7e00b147d8","OriginalStepIdentifier":"ab63c2fa-3c4d-4ee4-a7b7-8b7e00b147d8","ParentWorkflowIdentifier":"625aa25d-f475-4727-a913-49e8853d6977","ParentStepIdentifiers":["bc5a4149-977d-4dc0-97d2-51665b268509","b1a391d5-6714-4f2c-9abd-4288198ca7c5"],"ParentStepIdentifier":"bc5a4149-977d-4dc0-97d2-51665b268509;b1a391d5-6714-4f2c-9abd-4288198ca7c5","PreviousResultCondition":"{}","InstanceName":"Change case stage","IsAutomatic":true,"Name":"Siemplify_Change Case Stage","IsSkippable":false,"Description":"Changing case stage to investigation","ActionProvider":"Scripts","ActionName":"Siemplify_Change Case Stage","Type":0,"Integration":"Siemplify","Parameters":[{"ParentStepIdentifier":"ab63c2fa-3c4d-4ee4-a7b7-8b7e00b147d8","ParentWorkflowIdentifier":"625aa25d-f475-4727-a913-49e8853d6977","Name":"AssignedUsers","Value":null},{"ParentStepIdentifier":"ab63c2fa-3c4d-4ee4-a7b7-8b7e00b147d8","ParentWorkflowIdentifier":"625aa25d-f475-4727-a913-49e8853d6977","Name":"AsyncActionTimeout","Value":"86400"},{"ParentStepIdentifier":"ab63c2fa-3c4d-4ee4-a7b7-8b7e00b147d8","ParentWorkflowIdentifier":"625aa25d-f475-4727-a913-49e8853d6977","Name":"AsyncPollingInterval","Value":"3600"},{"ParentStepIdentifier":"ab63c2fa-3c4d-4ee4-a7b7-8b7e00b147d8","ParentWorkflowIdentifier":"625aa25d-f475-4727-a913-49e8853d6977","Name":"DynamicInjectionInstancePlaceholder","Value":""},{"ParentStepIdentifier":"ab63c2fa-3c4d-4ee4-a7b7-8b7e00b147d8","ParentWorkflowIdentifier":"625aa25d-f475-4727-a913-49e8853d6977","Name":"FallbackIntegrationInstance","Value":null},{"ParentStepIdentifier":"ab63c2fa-3c4d-4ee4-a7b7-8b7e00b147d8","ParentWorkflowIdentifier":"625aa25d-f475-4727-a913-49e8853d6977","Name":"FetchInstanceByName","Value":"false"},{"ParentStepIdentifier":"ab63c2fa-3c4d-4ee4-a7b7-8b7e00b147d8","ParentWorkflowIdentifier":"625aa25d-f475-4727-a913-49e8853d6977","Name":"HasApprovalLink","Value":null},{"ParentStepIdentifier":"ab63c2fa-3c4d-4ee4-a7b7-8b7e00b147d8","ParentWorkflowIdentifier":"625aa25d-f475-4727-a913-49e8853d6977","Name":"IntegrationInstance","Value":"567ed428-d323-4e4d-b9a3-60d9a6948172"},{"ParentStepIdentifier":"ab63c2fa-3c4d-4ee4-a7b7-8b7e00b147d8","ParentWorkflowIdentifier":"625aa25d-f475-4727-a913-49e8853d6977","Name":"MessageToAssignee","Value":null},{"ParentStepIdentifier":"ab63c2fa-3c4d-4ee4-a7b7-8b7e00b147d8","ParentWorkflowIdentifier":"625aa25d-f475-4727-a913-49e8853d6977","Name":"PendingActionTimeout","Value":null},{"ParentStepIdentifier":"ab63c2fa-3c4d-4ee4-a7b7-8b7e00b147d8","ParentWorkflowIdentifier":"625aa25d-f475-4727-a913-49e8853d6977","Name":"ScriptName","Value":"Siemplify_Change Case Stage"},{"ParentStepIdentifier":"ab63c2fa-3c4d-4ee4-a7b7-8b7e00b147d8","ParentWorkflowIdentifier":"625aa25d-f475-4727-a913-49e8853d6977","Name":"ScriptParametersEntityFields","Value":"{\"Stage\":\"Investigation\"}"},{"ParentStepIdentifier":"ab63c2fa-3c4d-4ee4-a7b7-8b7e00b147d8","ParentWorkflowIdentifier":"625aa25d-f475-4727-a913-49e8853d6977","Name":"SelectedScopeName","Value":"All entities"}],"AutoSkipOnFailure":false,"IsDebugMockData":false,"StepDebugData":null,"ParentStepContainerId":null,"IsTouchedByAi":false,"ParallelActions":[]},{"Identifier":"ad56c50e-69c9-4d61-ade5-5ad8c7e98f7e","OriginalStepIdentifier":"ad56c50e-69c9-4d61-ade5-5ad8c7e98f7e","ParentWorkflowIdentifier":"625aa25d-f475-4727-a913-49e8853d6977","ParentStepIdentifiers":["3c2108d9-6da4-4fa8-9c03-132d948f0250"],"ParentStepIdentifier":"3c2108d9-6da4-4fa8-9c03-132d948f0250","PreviousResultCondition":"{}","InstanceName":"Checking Entity Type","IsAutomatic":true,"Name":"Condition","IsSkippable":false,"Description":"Checking Entity Type is \"Host\" or \"Account\"","ActionProvider":"Flow","ActionName":"IfFlowCondition","Type":4,"Integration":"Flow","Parameters":[{"ParentStepIdentifier":"ad56c50e-69c9-4d61-ade5-5ad8c7e98f7e","ParentWorkflowIdentifier":"625aa25d-f475-4727-a913-49e8853d6977","Name":"AssignedUsers","Value":null},{"ParentStepIdentifier":"ad56c50e-69c9-4d61-ade5-5ad8c7e98f7e","ParentWorkflowIdentifier":"625aa25d-f475-4727-a913-49e8853d6977","Name":"Branches","Value":"[{\"LogicalOperator\":0,\"Conditions\":[{\"Operator\":0,\"FieldName\":\"[Alert.entity_type]\",\"Type\":2,\"Value\":\"account\"}],\"Order\":1,\"IsDefaultBranch\":false,\"Name\":\"Account\"},{\"LogicalOperator\":0,\"Conditions\":[],\"Order\":3,\"IsDefaultBranch\":true,\"Name\":\"Branch\"},{\"LogicalOperator\":0,\"Conditions\":[{\"Operator\":0,\"FieldName\":\"[Alert.entity_type]\",\"Type\":2,\"Value\":\"host\"}],\"Order\":2,\"IsDefaultBranch\":false,\"Name\":\"Host\"}]"},{"ParentStepIdentifier":"ad56c50e-69c9-4d61-ade5-5ad8c7e98f7e","ParentWorkflowIdentifier":"625aa25d-f475-4727-a913-49e8853d6977","Name":"DynamicInjectionInstancePlaceholder","Value":null},{"ParentStepIdentifier":"ad56c50e-69c9-4d61-ade5-5ad8c7e98f7e","ParentWorkflowIdentifier":"625aa25d-f475-4727-a913-49e8853d6977","Name":"ErrorFallbackBranch","Value":null},{"ParentStepIdentifier":"ad56c50e-69c9-4d61-ade5-5ad8c7e98f7e","ParentWorkflowIdentifier":"625aa25d-f475-4727-a913-49e8853d6977","Name":"FetchInstanceByName","Value":null},{"ParentStepIdentifier":"ad56c50e-69c9-4d61-ade5-5ad8c7e98f7e","ParentWorkflowIdentifier":"625aa25d-f475-4727-a913-49e8853d6977","Name":"HasApprovalLink","Value":null},{"ParentStepIdentifier":"ad56c50e-69c9-4d61-ade5-5ad8c7e98f7e","ParentWorkflowIdentifier":"625aa25d-f475-4727-a913-49e8853d6977","Name":"MessageToAssignee","Value":null},{"ParentStepIdentifier":"ad56c50e-69c9-4d61-ade5-5ad8c7e98f7e","ParentWorkflowIdentifier":"625aa25d-f475-4727-a913-49e8853d6977","Name":"PendingActionTimeout","Value":null},{"ParentStepIdentifier":"ad56c50e-69c9-4d61-ade5-5ad8c7e98f7e","ParentWorkflowIdentifier":"625aa25d-f475-4727-a913-49e8853d6977","Name":"SelectedScopeName","Value":"All entities"}],"AutoSkipOnFailure":false,"IsDebugMockData":false,"StepDebugData":null,"ParentStepContainerId":null,"IsTouchedByAi":false,"ParallelActions":[]},{"Identifier":"b1a391d5-6714-4f2c-9abd-4288198ca7c5","OriginalStepIdentifier":"b1a391d5-6714-4f2c-9abd-4288198ca7c5","ParentWorkflowIdentifier":"625aa25d-f475-4727-a913-49e8853d6977","ParentStepIdentifiers":["3c8d299f-2c6e-4413-94eb-ed238c06edfc"],"ParentStepIdentifier":"3c8d299f-2c6e-4413-94eb-ed238c06edfc","PreviousResultCondition":"{}","InstanceName":"Add Note Host","IsAutomatic":true,"Name":"VectraQUX_Add Note","IsSkippable":false,"Description":"Adding hyperlink to the host","ActionProvider":"Scripts","ActionName":"VectraQUX_Add Note","Type":0,"Integration":"VectraQUX","Parameters":[{"ParentStepIdentifier":"b1a391d5-6714-4f2c-9abd-4288198ca7c5","ParentWorkflowIdentifier":"625aa25d-f475-4727-a913-49e8853d6977","Name":"AssignedUsers","Value":null},{"ParentStepIdentifier":"b1a391d5-6714-4f2c-9abd-4288198ca7c5","ParentWorkflowIdentifier":"625aa25d-f475-4727-a913-49e8853d6977","Name":"AsyncActionTimeout","Value":"86400"},{"ParentStepIdentifier":"b1a391d5-6714-4f2c-9abd-4288198ca7c5","ParentWorkflowIdentifier":"625aa25d-f475-4727-a913-49e8853d6977","Name":"AsyncPollingInterval","Value":"3600"},{"ParentStepIdentifier":"b1a391d5-6714-4f2c-9abd-4288198ca7c5","ParentWorkflowIdentifier":"625aa25d-f475-4727-a913-49e8853d6977","Name":"DynamicInjectionInstancePlaceholder","Value":""},{"ParentStepIdentifier":"b1a391d5-6714-4f2c-9abd-4288198ca7c5","ParentWorkflowIdentifier":"625aa25d-f475-4727-a913-49e8853d6977","Name":"FallbackIntegrationInstance","Value":null},{"ParentStepIdentifier":"b1a391d5-6714-4f2c-9abd-4288198ca7c5","ParentWorkflowIdentifier":"625aa25d-f475-4727-a913-49e8853d6977","Name":"FetchInstanceByName","Value":"false"},{"ParentStepIdentifier":"b1a391d5-6714-4f2c-9abd-4288198ca7c5","ParentWorkflowIdentifier":"625aa25d-f475-4727-a913-49e8853d6977","Name":"HasApprovalLink","Value":null},{"ParentStepIdentifier":"b1a391d5-6714-4f2c-9abd-4288198ca7c5","ParentWorkflowIdentifier":"625aa25d-f475-4727-a913-49e8853d6977","Name":"IntegrationInstance","Value":"3fab9106-1024-4521-848e-26f63936f4c8"},{"ParentStepIdentifier":"b1a391d5-6714-4f2c-9abd-4288198ca7c5","ParentWorkflowIdentifier":"625aa25d-f475-4727-a913-49e8853d6977","Name":"MessageToAssignee","Value":null},{"ParentStepIdentifier":"b1a391d5-6714-4f2c-9abd-4288198ca7c5","ParentWorkflowIdentifier":"625aa25d-f475-4727-a913-49e8853d6977","Name":"PendingActionTimeout","Value":null},{"ParentStepIdentifier":"b1a391d5-6714-4f2c-9abd-4288198ca7c5","ParentWorkflowIdentifier":"625aa25d-f475-4727-a913-49e8853d6977","Name":"ScriptName","Value":"VectraQUX_Add Note"},{"ParentStepIdentifier":"b1a391d5-6714-4f2c-9abd-4288198ca7c5","ParentWorkflowIdentifier":"625aa25d-f475-4727-a913-49e8853d6977","Name":"ScriptParametersEntityFields","Value":"{\"Note\":\"[Explore Case](https://vctrr.backstory.chronicle.security/cases/[Case.Id])\",\"Entity ID\":\"[Alert.Id]\",\"Entity Type\":\"Host\"}"},{"ParentStepIdentifier":"b1a391d5-6714-4f2c-9abd-4288198ca7c5","ParentWorkflowIdentifier":"625aa25d-f475-4727-a913-49e8853d6977","Name":"SelectedScopeName","Value":"All entities"}],"AutoSkipOnFailure":false,"IsDebugMockData":false,"StepDebugData":null,"ParentStepContainerId":null,"IsTouchedByAi":false,"ParallelActions":[]},{"Identifier":"bc5a4149-977d-4dc0-97d2-51665b268509","OriginalStepIdentifier":"bc5a4149-977d-4dc0-97d2-51665b268509","ParentWorkflowIdentifier":"625aa25d-f475-4727-a913-49e8853d6977","ParentStepIdentifiers":["4965ea6a-10d8-4f2f-b5fc-ae05cc4a717e"],"ParentStepIdentifier":"4965ea6a-10d8-4f2f-b5fc-ae05cc4a717e","PreviousResultCondition":"{}","InstanceName":"Add Note Account","IsAutomatic":true,"Name":"VectraQUX_Add Note","IsSkippable":false,"Description":"Adding hyperlink to the Account","ActionProvider":"Scripts","ActionName":"VectraQUX_Add Note","Type":0,"Integration":"VectraQUX","Parameters":[{"ParentStepIdentifier":"bc5a4149-977d-4dc0-97d2-51665b268509","ParentWorkflowIdentifier":"625aa25d-f475-4727-a913-49e8853d6977","Name":"AssignedUsers","Value":null},{"ParentStepIdentifier":"bc5a4149-977d-4dc0-97d2-51665b268509","ParentWorkflowIdentifier":"625aa25d-f475-4727-a913-49e8853d6977","Name":"AsyncActionTimeout","Value":"86400"},{"ParentStepIdentifier":"bc5a4149-977d-4dc0-97d2-51665b268509","ParentWorkflowIdentifier":"625aa25d-f475-4727-a913-49e8853d6977","Name":"AsyncPollingInterval","Value":"3600"},{"ParentStepIdentifier":"bc5a4149-977d-4dc0-97d2-51665b268509","ParentWorkflowIdentifier":"625aa25d-f475-4727-a913-49e8853d6977","Name":"DynamicInjectionInstancePlaceholder","Value":""},{"ParentStepIdentifier":"bc5a4149-977d-4dc0-97d2-51665b268509","ParentWorkflowIdentifier":"625aa25d-f475-4727-a913-49e8853d6977","Name":"FallbackIntegrationInstance","Value":null},{"ParentStepIdentifier":"bc5a4149-977d-4dc0-97d2-51665b268509","ParentWorkflowIdentifier":"625aa25d-f475-4727-a913-49e8853d6977","Name":"FetchInstanceByName","Value":"false"},{"ParentStepIdentifier":"bc5a4149-977d-4dc0-97d2-51665b268509","ParentWorkflowIdentifier":"625aa25d-f475-4727-a913-49e8853d6977","Name":"HasApprovalLink","Value":null},{"ParentStepIdentifier":"bc5a4149-977d-4dc0-97d2-51665b268509","ParentWorkflowIdentifier":"625aa25d-f475-4727-a913-49e8853d6977","Name":"IntegrationInstance","Value":"3fab9106-1024-4521-848e-26f63936f4c8"},{"ParentStepIdentifier":"bc5a4149-977d-4dc0-97d2-51665b268509","ParentWorkflowIdentifier":"625aa25d-f475-4727-a913-49e8853d6977","Name":"MessageToAssignee","Value":null},{"ParentStepIdentifier":"bc5a4149-977d-4dc0-97d2-51665b268509","ParentWorkflowIdentifier":"625aa25d-f475-4727-a913-49e8853d6977","Name":"PendingActionTimeout","Value":null},{"ParentStepIdentifier":"bc5a4149-977d-4dc0-97d2-51665b268509","ParentWorkflowIdentifier":"625aa25d-f475-4727-a913-49e8853d6977","Name":"ScriptName","Value":"VectraQUX_Add Note"},{"ParentStepIdentifier":"bc5a4149-977d-4dc0-97d2-51665b268509","ParentWorkflowIdentifier":"625aa25d-f475-4727-a913-49e8853d6977","Name":"ScriptParametersEntityFields","Value":"{\"Note\":\"[Explore Case](https://vctrr.backstory.chronicle.security/cases/[Case.Id])\",\"Entity ID\":\"[Alert.Id]\",\"Entity Type\":\"Account\"}"},{"ParentStepIdentifier":"bc5a4149-977d-4dc0-97d2-51665b268509","ParentWorkflowIdentifier":"625aa25d-f475-4727-a913-49e8853d6977","Name":"SelectedScopeName","Value":"All entities"}],"AutoSkipOnFailure":false,"IsDebugMockData":false,"StepDebugData":null,"ParentStepContainerId":null,"IsTouchedByAi":false,"ParallelActions":[]}],"Triggers":[{"Identifier":"757c2cdb-0966-4a00-8d57-46f950db4aa0","IsEnabled":true,"DefinitionIdentifier":"625aa25d-f475-4727-a913-49e8853d6977","Type":10,"WorkflowName":null,"LogicalOperator":0,"Conditions":[{"FieldName":"[Alert.Product]","MatchType":0,"Value":"Vectra QUX"}],"Environments":["Default Environment"]}],"OverviewTemplates":[],"Permissions":[],"Environments":["Default Environment"]}}