{"CategoryName":"UseCasePlaybooks","OverviewTemplatesDetails":[],"WidgetTemplates":[],"Definition":{"Identifier":"4ee0f7c8-e8b0-42ee-b44c-173c06befc16","IsEnable":true,"Version":0.0,"IsArchived":false,"IsAutomatic":true,"Name":"Vectra RUX  - Resolve case playbook","Category":7,"Description":"This playbook triages detections in Vectra for RUX based on entity type, gathers manual input for resolution, and updates the entity and case status. It marks detections as fixed, adds a closure note to Vectra, and closes the case in SOAR.","Priority":2,"Creator":"d90e148e-c7bc-42b5-9f6f-f5dc02b25b23","VersionCreator":null,"VersionComment":null,"OriginalWorkflowIdentifier":"f3e5ec4a-e03f-460c-a35d-4c90a4e0936b","TemplateName":null,"PlaybookType":0,"IsDebugMode":false,"DebugBaseAlertIdentifier":null,"DebugAlertIdentifier":null,"SimulationClone":false,"DefaultAccessLevel":2,"Steps":[{"Identifier":"029148a1-f922-43b9-af87-e4916dea23f9","OriginalStepIdentifier":"b1dabcc6-fea4-4a84-b965-0cca03041c71","ParentWorkflowIdentifier":"4ee0f7c8-e8b0-42ee-b44c-173c06befc16","ParentStepIdentifiers":["18e629cd-8773-47ee-b858-8c1e99dd01f0"],"ParentStepIdentifier":"18e629cd-8773-47ee-b858-8c1e99dd01f0","PreviousResultCondition":"{\n  \"18e629cd-8773-47ee-b858-8c1e99dd01f0\": \"1\"\n}","InstanceName":"Account List Detection","IsAutomatic":true,"Name":"VectraRUX_List Detections","IsSkippable":false,"Description":"List all detections from given Account id","ActionProvider":"Scripts","ActionName":"VectraRUX_List Detections","Type":0,"Integration":"VectraRUX","Parameters":[{"ParentStepIdentifier":"029148a1-f922-43b9-af87-e4916dea23f9","ParentWorkflowIdentifier":"4ee0f7c8-e8b0-42ee-b44c-173c06befc16","Name":"AssignedUsers","Value":null},{"ParentStepIdentifier":"029148a1-f922-43b9-af87-e4916dea23f9","ParentWorkflowIdentifier":"4ee0f7c8-e8b0-42ee-b44c-173c06befc16","Name":"AsyncActionTimeout","Value":"86400"},{"ParentStepIdentifier":"029148a1-f922-43b9-af87-e4916dea23f9","ParentWorkflowIdentifier":"4ee0f7c8-e8b0-42ee-b44c-173c06befc16","Name":"AsyncPollingInterval","Value":"3600"},{"ParentStepIdentifier":"029148a1-f922-43b9-af87-e4916dea23f9","ParentWorkflowIdentifier":"4ee0f7c8-e8b0-42ee-b44c-173c06befc16","Name":"DynamicInjectionInstancePlaceholder","Value":""},{"ParentStepIdentifier":"029148a1-f922-43b9-af87-e4916dea23f9","ParentWorkflowIdentifier":"4ee0f7c8-e8b0-42ee-b44c-173c06befc16","Name":"FallbackIntegrationInstance","Value":null},{"ParentStepIdentifier":"029148a1-f922-43b9-af87-e4916dea23f9","ParentWorkflowIdentifier":"4ee0f7c8-e8b0-42ee-b44c-173c06befc16","Name":"FetchInstanceByName","Value":"false"},{"ParentStepIdentifier":"029148a1-f922-43b9-af87-e4916dea23f9","ParentWorkflowIdentifier":"4ee0f7c8-e8b0-42ee-b44c-173c06befc16","Name":"HasApprovalLink","Value":null},{"ParentStepIdentifier":"029148a1-f922-43b9-af87-e4916dea23f9","ParentWorkflowIdentifier":"4ee0f7c8-e8b0-42ee-b44c-173c06befc16","Name":"IntegrationInstance","Value":"5f0be264-7933-4bb3-9c90-a945bf361a2f"},{"ParentStepIdentifier":"029148a1-f922-43b9-af87-e4916dea23f9","ParentWorkflowIdentifier":"4ee0f7c8-e8b0-42ee-b44c-173c06befc16","Name":"MessageToAssignee","Value":null},{"ParentStepIdentifier":"029148a1-f922-43b9-af87-e4916dea23f9","ParentWorkflowIdentifier":"4ee0f7c8-e8b0-42ee-b44c-173c06befc16","Name":"PendingActionTimeout","Value":null},{"ParentStepIdentifier":"029148a1-f922-43b9-af87-e4916dea23f9","ParentWorkflowIdentifier":"4ee0f7c8-e8b0-42ee-b44c-173c06befc16","Name":"ScriptName","Value":"VectraRUX_List Detections"},{"ParentStepIdentifier":"029148a1-f922-43b9-af87-e4916dea23f9","ParentWorkflowIdentifier":"4ee0f7c8-e8b0-42ee-b44c-173c06befc16","Name":"ScriptParametersEntityFields","Value":"{\"Is Targeting Key Asset\":\"\",\"Note Modified Timestamp GTE\":\"\",\"Limit\":\"\",\"Order\":\"\",\"Order By\":\"\",\"State\":\"Active\",\"Detection Type\":\"\",\"Detection Category\":\"\",\"Threat GTE\":\"\",\"Certainty GTE\":\"\",\"Last Timestamp GTE\":\"\",\"Last Timestamp LTE\":\"\",\"Tags\":\"\",\"Entity Type\":\"Account\",\"Entity ID\":\"[Alert.Id]\"}"},{"ParentStepIdentifier":"029148a1-f922-43b9-af87-e4916dea23f9","ParentWorkflowIdentifier":"4ee0f7c8-e8b0-42ee-b44c-173c06befc16","Name":"SelectedScopeName","Value":"All entities"}],"AutoSkipOnFailure":false,"IsDebugMockData":false,"StepDebugData":null,"ParentStepContainerId":null,"IsTouchedByAi":false,"ParallelActions":[]},{"Identifier":"0993ed04-4b3f-4392-b360-e26e12ec9f40","OriginalStepIdentifier":"41f98c1c-0c6e-4a79-a93a-a34e9f7cae94","ParentWorkflowIdentifier":"4ee0f7c8-e8b0-42ee-b44c-173c06befc16","ParentStepIdentifiers":["029148a1-f922-43b9-af87-e4916dea23f9","af12f399-ef9e-49ea-bd75-05233be115f6"],"ParentStepIdentifier":"029148a1-f922-43b9-af87-e4916dea23f9;af12f399-ef9e-49ea-bd75-05233be115f6","PreviousResultCondition":"{}","InstanceName":"Detection Found?","IsAutomatic":true,"Name":"Condition","IsSkippable":false,"Description":"Checking the detection id's found or not?","ActionProvider":"Flow","ActionName":"IfFlowCondition","Type":4,"Integration":"Flow","Parameters":[{"ParentStepIdentifier":"0993ed04-4b3f-4392-b360-e26e12ec9f40","ParentWorkflowIdentifier":"4ee0f7c8-e8b0-42ee-b44c-173c06befc16","Name":"AssignedUsers","Value":null},{"ParentStepIdentifier":"0993ed04-4b3f-4392-b360-e26e12ec9f40","ParentWorkflowIdentifier":"4ee0f7c8-e8b0-42ee-b44c-173c06befc16","Name":"Branches","Value":"[{\"LogicalOperator\":0,\"Conditions\":[{\"Operator\":8,\"FieldName\":\"[Host List Detection.JsonResult| \\\"id\\\"]\",\"Type\":2,\"Value\":\"\"},{\"Operator\":0,\"FieldName\":\"[Alert.entity_type]\",\"Type\":2,\"Value\":\"host\"}],\"Order\":1,\"IsDefaultBranch\":false,\"Name\":\"Detection Found & Host\"},{\"LogicalOperator\":0,\"Conditions\":[],\"Order\":3,\"IsDefaultBranch\":true,\"Name\":\"Branch\"},{\"LogicalOperator\":0,\"Conditions\":[{\"Operator\":8,\"FieldName\":\"[Account List Detection.JsonResult| \\\"id\\\"]\",\"Type\":2,\"Value\":\"\"},{\"Operator\":0,\"FieldName\":\"[Alert.entity_type]\",\"Type\":2,\"Value\":\"account\"}],\"Order\":2,\"IsDefaultBranch\":false,\"Name\":\"Detection Found & Account\"}]"},{"ParentStepIdentifier":"0993ed04-4b3f-4392-b360-e26e12ec9f40","ParentWorkflowIdentifier":"4ee0f7c8-e8b0-42ee-b44c-173c06befc16","Name":"DynamicInjectionInstancePlaceholder","Value":null},{"ParentStepIdentifier":"0993ed04-4b3f-4392-b360-e26e12ec9f40","ParentWorkflowIdentifier":"4ee0f7c8-e8b0-42ee-b44c-173c06befc16","Name":"ErrorFallbackBranch","Value":null},{"ParentStepIdentifier":"0993ed04-4b3f-4392-b360-e26e12ec9f40","ParentWorkflowIdentifier":"4ee0f7c8-e8b0-42ee-b44c-173c06befc16","Name":"FetchInstanceByName","Value":null},{"ParentStepIdentifier":"0993ed04-4b3f-4392-b360-e26e12ec9f40","ParentWorkflowIdentifier":"4ee0f7c8-e8b0-42ee-b44c-173c06befc16","Name":"HasApprovalLink","Value":null},{"ParentStepIdentifier":"0993ed04-4b3f-4392-b360-e26e12ec9f40","ParentWorkflowIdentifier":"4ee0f7c8-e8b0-42ee-b44c-173c06befc16","Name":"MessageToAssignee","Value":null},{"ParentStepIdentifier":"0993ed04-4b3f-4392-b360-e26e12ec9f40","ParentWorkflowIdentifier":"4ee0f7c8-e8b0-42ee-b44c-173c06befc16","Name":"PendingActionTimeout","Value":null},{"ParentStepIdentifier":"0993ed04-4b3f-4392-b360-e26e12ec9f40","ParentWorkflowIdentifier":"4ee0f7c8-e8b0-42ee-b44c-173c06befc16","Name":"SelectedScopeName","Value":"All entities"}],"AutoSkipOnFailure":false,"IsDebugMockData":false,"StepDebugData":null,"ParentStepContainerId":null,"IsTouchedByAi":false,"ParallelActions":[]},{"Identifier":"0b833a0e-b7b3-4170-a030-4e0b81152a90","OriginalStepIdentifier":"82205dd0-a32b-4a35-bafb-00142ff72e46","ParentWorkflowIdentifier":"4ee0f7c8-e8b0-42ee-b44c-173c06befc16","ParentStepIdentifiers":["ef10a52d-4c87-468c-8242-472e81a6e40d"],"ParentStepIdentifier":"ef10a52d-4c87-468c-8242-472e81a6e40d","PreviousResultCondition":"{}","InstanceName":"Host Resolve Assignment","IsAutomatic":false,"Name":"VectraRUX_Resolve Assignment","IsSkippable":false,"Description":"The goal of this action is to be able resolve assignment for the host.","ActionProvider":"Scripts","ActionName":"VectraRUX_Resolve Assignment","Type":0,"Integration":"VectraRUX","Parameters":[{"ParentStepIdentifier":"0b833a0e-b7b3-4170-a030-4e0b81152a90","ParentWorkflowIdentifier":"4ee0f7c8-e8b0-42ee-b44c-173c06befc16","Name":"AssignedUsers","Value":null},{"ParentStepIdentifier":"0b833a0e-b7b3-4170-a030-4e0b81152a90","ParentWorkflowIdentifier":"4ee0f7c8-e8b0-42ee-b44c-173c06befc16","Name":"AsyncActionTimeout","Value":"86400"},{"ParentStepIdentifier":"0b833a0e-b7b3-4170-a030-4e0b81152a90","ParentWorkflowIdentifier":"4ee0f7c8-e8b0-42ee-b44c-173c06befc16","Name":"AsyncPollingInterval","Value":"3600"},{"ParentStepIdentifier":"0b833a0e-b7b3-4170-a030-4e0b81152a90","ParentWorkflowIdentifier":"4ee0f7c8-e8b0-42ee-b44c-173c06befc16","Name":"DynamicInjectionInstancePlaceholder","Value":""},{"ParentStepIdentifier":"0b833a0e-b7b3-4170-a030-4e0b81152a90","ParentWorkflowIdentifier":"4ee0f7c8-e8b0-42ee-b44c-173c06befc16","Name":"FallbackIntegrationInstance","Value":null},{"ParentStepIdentifier":"0b833a0e-b7b3-4170-a030-4e0b81152a90","ParentWorkflowIdentifier":"4ee0f7c8-e8b0-42ee-b44c-173c06befc16","Name":"FetchInstanceByName","Value":"false"},{"ParentStepIdentifier":"0b833a0e-b7b3-4170-a030-4e0b81152a90","ParentWorkflowIdentifier":"4ee0f7c8-e8b0-42ee-b44c-173c06befc16","Name":"HasApprovalLink","Value":"true"},{"ParentStepIdentifier":"0b833a0e-b7b3-4170-a030-4e0b81152a90","ParentWorkflowIdentifier":"4ee0f7c8-e8b0-42ee-b44c-173c06befc16","Name":"IntegrationInstance","Value":"5f0be264-7933-4bb3-9c90-a945bf361a2f"},{"ParentStepIdentifier":"0b833a0e-b7b3-4170-a030-4e0b81152a90","ParentWorkflowIdentifier":"4ee0f7c8-e8b0-42ee-b44c-173c06befc16","Name":"MessageToAssignee","Value":null},{"ParentStepIdentifier":"0b833a0e-b7b3-4170-a030-4e0b81152a90","ParentWorkflowIdentifier":"4ee0f7c8-e8b0-42ee-b44c-173c06befc16","Name":"PendingActionTimeout","Value":null},{"ParentStepIdentifier":"0b833a0e-b7b3-4170-a030-4e0b81152a90","ParentWorkflowIdentifier":"4ee0f7c8-e8b0-42ee-b44c-173c06befc16","Name":"ScriptName","Value":"VectraRUX_Resolve Assignment"},{"ParentStepIdentifier":"0b833a0e-b7b3-4170-a030-4e0b81152a90","ParentWorkflowIdentifier":"4ee0f7c8-e8b0-42ee-b44c-173c06befc16","Name":"ScriptParametersEntityFields","Value":"{\"Outcome ID\":\"1\",\"Note Title\":\" Note\",\"Triage As\":\"csoar - [Case.Id] \",\"Detection IDs\":\"[Host List Detection.JsonResult| filter(\\\"is_triaged\\\", \\\"=\\\", \\\"false\\\") | \\\"id\\\"]\\n\",\"Assignment ID\":\"[Host List Assignment.JsonResult| filter(\\\"date_resolved\\\", \\\"=\\\", \\\"\\\") | \\\"id\\\"]\"}"},{"ParentStepIdentifier":"0b833a0e-b7b3-4170-a030-4e0b81152a90","ParentWorkflowIdentifier":"4ee0f7c8-e8b0-42ee-b44c-173c06befc16","Name":"SelectedScopeName","Value":"All entities"}],"AutoSkipOnFailure":false,"IsDebugMockData":false,"StepDebugData":null,"ParentStepContainerId":null,"IsTouchedByAi":false,"ParallelActions":[]},{"Identifier":"183cd429-5b4b-41df-b092-161b1d1ecd1e","OriginalStepIdentifier":"71f745ad-d2eb-4ada-abfb-09e4ff5827e2","ParentWorkflowIdentifier":"4ee0f7c8-e8b0-42ee-b44c-173c06befc16","ParentStepIdentifiers":["41337424-6fcd-4b2e-a782-469e951a4a3f","b99bd1a6-6366-48ef-9f33-d9e8206541e6"],"ParentStepIdentifier":"41337424-6fcd-4b2e-a782-469e951a4a3f;b99bd1a6-6366-48ef-9f33-d9e8206541e6","PreviousResultCondition":"{}","InstanceName":"Close Case","IsAutomatic":false,"Name":"Siemplify_Close Case","IsSkippable":false,"Description":"Closes the case the current alert has been grouped to","ActionProvider":"Scripts","ActionName":"Siemplify_Close Case","Type":0,"Integration":"Siemplify","Parameters":[{"ParentStepIdentifier":"183cd429-5b4b-41df-b092-161b1d1ecd1e","ParentWorkflowIdentifier":"4ee0f7c8-e8b0-42ee-b44c-173c06befc16","Name":"AssignedUsers","Value":null},{"ParentStepIdentifier":"183cd429-5b4b-41df-b092-161b1d1ecd1e","ParentWorkflowIdentifier":"4ee0f7c8-e8b0-42ee-b44c-173c06befc16","Name":"AsyncActionTimeout","Value":"86400"},{"ParentStepIdentifier":"183cd429-5b4b-41df-b092-161b1d1ecd1e","ParentWorkflowIdentifier":"4ee0f7c8-e8b0-42ee-b44c-173c06befc16","Name":"AsyncPollingInterval","Value":"3600"},{"ParentStepIdentifier":"183cd429-5b4b-41df-b092-161b1d1ecd1e","ParentWorkflowIdentifier":"4ee0f7c8-e8b0-42ee-b44c-173c06befc16","Name":"DynamicInjectionInstancePlaceholder","Value":""},{"ParentStepIdentifier":"183cd429-5b4b-41df-b092-161b1d1ecd1e","ParentWorkflowIdentifier":"4ee0f7c8-e8b0-42ee-b44c-173c06befc16","Name":"FallbackIntegrationInstance","Value":null},{"ParentStepIdentifier":"183cd429-5b4b-41df-b092-161b1d1ecd1e","ParentWorkflowIdentifier":"4ee0f7c8-e8b0-42ee-b44c-173c06befc16","Name":"FetchInstanceByName","Value":"false"},{"ParentStepIdentifier":"183cd429-5b4b-41df-b092-161b1d1ecd1e","ParentWorkflowIdentifier":"4ee0f7c8-e8b0-42ee-b44c-173c06befc16","Name":"HasApprovalLink","Value":null},{"ParentStepIdentifier":"183cd429-5b4b-41df-b092-161b1d1ecd1e","ParentWorkflowIdentifier":"4ee0f7c8-e8b0-42ee-b44c-173c06befc16","Name":"IntegrationInstance","Value":"567ed428-d323-4e4d-b9a3-60d9a6948172"},{"ParentStepIdentifier":"183cd429-5b4b-41df-b092-161b1d1ecd1e","ParentWorkflowIdentifier":"4ee0f7c8-e8b0-42ee-b44c-173c06befc16","Name":"MessageToAssignee","Value":null},{"ParentStepIdentifier":"183cd429-5b4b-41df-b092-161b1d1ecd1e","ParentWorkflowIdentifier":"4ee0f7c8-e8b0-42ee-b44c-173c06befc16","Name":"PendingActionTimeout","Value":null},{"ParentStepIdentifier":"183cd429-5b4b-41df-b092-161b1d1ecd1e","ParentWorkflowIdentifier":"4ee0f7c8-e8b0-42ee-b44c-173c06befc16","Name":"ScriptName","Value":"Siemplify_Close Case"},{"ParentStepIdentifier":"183cd429-5b4b-41df-b092-161b1d1ecd1e","ParentWorkflowIdentifier":"4ee0f7c8-e8b0-42ee-b44c-173c06befc16","Name":"ScriptParametersEntityFields","Value":"{\"Reason\":\"NotMalicious\",\"Root Cause\":\"Other\",\"Comment\":\"False Positive\"}"},{"ParentStepIdentifier":"183cd429-5b4b-41df-b092-161b1d1ecd1e","ParentWorkflowIdentifier":"4ee0f7c8-e8b0-42ee-b44c-173c06befc16","Name":"SelectedScopeName","Value":"All entities"}],"AutoSkipOnFailure":false,"IsDebugMockData":false,"StepDebugData":null,"ParentStepContainerId":null,"IsTouchedByAi":false,"ParallelActions":[]},{"Identifier":"18e629cd-8773-47ee-b858-8c1e99dd01f0","OriginalStepIdentifier":"41f43be8-23b7-4313-997a-2f0b857f3557","ParentWorkflowIdentifier":"4ee0f7c8-e8b0-42ee-b44c-173c06befc16","ParentStepIdentifiers":[],"ParentStepIdentifier":"","PreviousResultCondition":null,"InstanceName":"Checking Type of the Entity","IsAutomatic":true,"Name":"Condition","IsSkippable":false,"Description":"Checking that entity type is \"Host\" or \"Account\"","ActionProvider":"Flow","ActionName":"IfFlowCondition","Type":4,"Integration":"Flow","Parameters":[{"ParentStepIdentifier":"18e629cd-8773-47ee-b858-8c1e99dd01f0","ParentWorkflowIdentifier":"4ee0f7c8-e8b0-42ee-b44c-173c06befc16","Name":"AssignedUsers","Value":null},{"ParentStepIdentifier":"18e629cd-8773-47ee-b858-8c1e99dd01f0","ParentWorkflowIdentifier":"4ee0f7c8-e8b0-42ee-b44c-173c06befc16","Name":"Branches","Value":"[{\"LogicalOperator\":0,\"Conditions\":[{\"Operator\":0,\"FieldName\":\"[Alert.entity_type]\",\"Type\":2,\"Value\":\"account\"}],\"Order\":1,\"IsDefaultBranch\":false,\"Name\":\"account\"},{\"LogicalOperator\":0,\"Conditions\":[],\"Order\":3,\"IsDefaultBranch\":true,\"Name\":\"Branch\"},{\"LogicalOperator\":0,\"Conditions\":[{\"Operator\":0,\"FieldName\":\"[Alert.entity_type]\",\"Type\":2,\"Value\":\"host\"}],\"Order\":2,\"IsDefaultBranch\":false,\"Name\":\"host\"}]"},{"ParentStepIdentifier":"18e629cd-8773-47ee-b858-8c1e99dd01f0","ParentWorkflowIdentifier":"4ee0f7c8-e8b0-42ee-b44c-173c06befc16","Name":"DynamicInjectionInstancePlaceholder","Value":null},{"ParentStepIdentifier":"18e629cd-8773-47ee-b858-8c1e99dd01f0","ParentWorkflowIdentifier":"4ee0f7c8-e8b0-42ee-b44c-173c06befc16","Name":"ErrorFallbackBranch","Value":null},{"ParentStepIdentifier":"18e629cd-8773-47ee-b858-8c1e99dd01f0","ParentWorkflowIdentifier":"4ee0f7c8-e8b0-42ee-b44c-173c06befc16","Name":"FetchInstanceByName","Value":null},{"ParentStepIdentifier":"18e629cd-8773-47ee-b858-8c1e99dd01f0","ParentWorkflowIdentifier":"4ee0f7c8-e8b0-42ee-b44c-173c06befc16","Name":"HasApprovalLink","Value":null},{"ParentStepIdentifier":"18e629cd-8773-47ee-b858-8c1e99dd01f0","ParentWorkflowIdentifier":"4ee0f7c8-e8b0-42ee-b44c-173c06befc16","Name":"MessageToAssignee","Value":null},{"ParentStepIdentifier":"18e629cd-8773-47ee-b858-8c1e99dd01f0","ParentWorkflowIdentifier":"4ee0f7c8-e8b0-42ee-b44c-173c06befc16","Name":"PendingActionTimeout","Value":null},{"ParentStepIdentifier":"18e629cd-8773-47ee-b858-8c1e99dd01f0","ParentWorkflowIdentifier":"4ee0f7c8-e8b0-42ee-b44c-173c06befc16","Name":"SelectedScopeName","Value":"All entities"}],"AutoSkipOnFailure":false,"IsDebugMockData":false,"StepDebugData":null,"ParentStepContainerId":null,"IsTouchedByAi":false,"ParallelActions":[]},{"Identifier":"4124d3c4-fcc8-4a79-a5d0-62e38dba8bff","OriginalStepIdentifier":"2d2a1d90-2839-4c47-b6d7-a8a964a3fa1d","ParentWorkflowIdentifier":"4ee0f7c8-e8b0-42ee-b44c-173c06befc16","ParentStepIdentifiers":["0993ed04-4b3f-4392-b360-e26e12ec9f40"],"ParentStepIdentifier":"0993ed04-4b3f-4392-b360-e26e12ec9f40","PreviousResultCondition":"{\n  \"0993ed04-4b3f-4392-b360-e26e12ec9f40\": \"2\"\n}","InstanceName":"Account List Assignment","IsAutomatic":true,"Name":"VectraRUX_List Assignments","IsSkippable":false,"Description":"List assignments based on the query parameters for account.\n","ActionProvider":"Scripts","ActionName":"VectraRUX_List Assignments","Type":0,"Integration":"VectraRUX","Parameters":[{"ParentStepIdentifier":"4124d3c4-fcc8-4a79-a5d0-62e38dba8bff","ParentWorkflowIdentifier":"4ee0f7c8-e8b0-42ee-b44c-173c06befc16","Name":"AssignedUsers","Value":null},{"ParentStepIdentifier":"4124d3c4-fcc8-4a79-a5d0-62e38dba8bff","ParentWorkflowIdentifier":"4ee0f7c8-e8b0-42ee-b44c-173c06befc16","Name":"AsyncActionTimeout","Value":"86400"},{"ParentStepIdentifier":"4124d3c4-fcc8-4a79-a5d0-62e38dba8bff","ParentWorkflowIdentifier":"4ee0f7c8-e8b0-42ee-b44c-173c06befc16","Name":"AsyncPollingInterval","Value":"3600"},{"ParentStepIdentifier":"4124d3c4-fcc8-4a79-a5d0-62e38dba8bff","ParentWorkflowIdentifier":"4ee0f7c8-e8b0-42ee-b44c-173c06befc16","Name":"DynamicInjectionInstancePlaceholder","Value":""},{"ParentStepIdentifier":"4124d3c4-fcc8-4a79-a5d0-62e38dba8bff","ParentWorkflowIdentifier":"4ee0f7c8-e8b0-42ee-b44c-173c06befc16","Name":"FallbackIntegrationInstance","Value":null},{"ParentStepIdentifier":"4124d3c4-fcc8-4a79-a5d0-62e38dba8bff","ParentWorkflowIdentifier":"4ee0f7c8-e8b0-42ee-b44c-173c06befc16","Name":"FetchInstanceByName","Value":"false"},{"ParentStepIdentifier":"4124d3c4-fcc8-4a79-a5d0-62e38dba8bff","ParentWorkflowIdentifier":"4ee0f7c8-e8b0-42ee-b44c-173c06befc16","Name":"HasApprovalLink","Value":null},{"ParentStepIdentifier":"4124d3c4-fcc8-4a79-a5d0-62e38dba8bff","ParentWorkflowIdentifier":"4ee0f7c8-e8b0-42ee-b44c-173c06befc16","Name":"IntegrationInstance","Value":"5f0be264-7933-4bb3-9c90-a945bf361a2f"},{"ParentStepIdentifier":"4124d3c4-fcc8-4a79-a5d0-62e38dba8bff","ParentWorkflowIdentifier":"4ee0f7c8-e8b0-42ee-b44c-173c06befc16","Name":"MessageToAssignee","Value":null},{"ParentStepIdentifier":"4124d3c4-fcc8-4a79-a5d0-62e38dba8bff","ParentWorkflowIdentifier":"4ee0f7c8-e8b0-42ee-b44c-173c06befc16","Name":"PendingActionTimeout","Value":null},{"ParentStepIdentifier":"4124d3c4-fcc8-4a79-a5d0-62e38dba8bff","ParentWorkflowIdentifier":"4ee0f7c8-e8b0-42ee-b44c-173c06befc16","Name":"ScriptName","Value":"VectraRUX_List Assignments"},{"ParentStepIdentifier":"4124d3c4-fcc8-4a79-a5d0-62e38dba8bff","ParentWorkflowIdentifier":"4ee0f7c8-e8b0-42ee-b44c-173c06befc16","Name":"ScriptParametersEntityFields","Value":"{\"Accounts IDs\":\"[Alert.Id]\",\"Assignees IDs\":\"\",\"Resolution IDs\":\"\",\"Resolved\":\"None\",\"Created After\":\"\",\"Limit\":\"\",\"Hosts IDs\":\" \"}"},{"ParentStepIdentifier":"4124d3c4-fcc8-4a79-a5d0-62e38dba8bff","ParentWorkflowIdentifier":"4ee0f7c8-e8b0-42ee-b44c-173c06befc16","Name":"SelectedScopeName","Value":"All entities"}],"AutoSkipOnFailure":false,"IsDebugMockData":false,"StepDebugData":null,"ParentStepContainerId":null,"IsTouchedByAi":false,"ParallelActions":[]},{"Identifier":"41337424-6fcd-4b2e-a782-469e951a4a3f","OriginalStepIdentifier":"2c11fde0-497a-44f5-a5b6-080fd9e4ba56","ParentWorkflowIdentifier":"4ee0f7c8-e8b0-42ee-b44c-173c06befc16","ParentStepIdentifiers":["5282f7a7-acea-446d-8743-fdb0c02a4ef7"],"ParentStepIdentifier":"5282f7a7-acea-446d-8743-fdb0c02a4ef7","PreviousResultCondition":"{}","InstanceName":"Host Add Note","IsAutomatic":true,"Name":"VectraRUX_Add Note","IsSkippable":false,"Description":"Adding a note to host","ActionProvider":"Scripts","ActionName":"VectraRUX_Add Note","Type":0,"Integration":"VectraRUX","Parameters":[{"ParentStepIdentifier":"41337424-6fcd-4b2e-a782-469e951a4a3f","ParentWorkflowIdentifier":"4ee0f7c8-e8b0-42ee-b44c-173c06befc16","Name":"AssignedUsers","Value":null},{"ParentStepIdentifier":"41337424-6fcd-4b2e-a782-469e951a4a3f","ParentWorkflowIdentifier":"4ee0f7c8-e8b0-42ee-b44c-173c06befc16","Name":"AsyncActionTimeout","Value":"86400"},{"ParentStepIdentifier":"41337424-6fcd-4b2e-a782-469e951a4a3f","ParentWorkflowIdentifier":"4ee0f7c8-e8b0-42ee-b44c-173c06befc16","Name":"AsyncPollingInterval","Value":"3600"},{"ParentStepIdentifier":"41337424-6fcd-4b2e-a782-469e951a4a3f","ParentWorkflowIdentifier":"4ee0f7c8-e8b0-42ee-b44c-173c06befc16","Name":"DynamicInjectionInstancePlaceholder","Value":""},{"ParentStepIdentifier":"41337424-6fcd-4b2e-a782-469e951a4a3f","ParentWorkflowIdentifier":"4ee0f7c8-e8b0-42ee-b44c-173c06befc16","Name":"FallbackIntegrationInstance","Value":null},{"ParentStepIdentifier":"41337424-6fcd-4b2e-a782-469e951a4a3f","ParentWorkflowIdentifier":"4ee0f7c8-e8b0-42ee-b44c-173c06befc16","Name":"FetchInstanceByName","Value":"false"},{"ParentStepIdentifier":"41337424-6fcd-4b2e-a782-469e951a4a3f","ParentWorkflowIdentifier":"4ee0f7c8-e8b0-42ee-b44c-173c06befc16","Name":"HasApprovalLink","Value":null},{"ParentStepIdentifier":"41337424-6fcd-4b2e-a782-469e951a4a3f","ParentWorkflowIdentifier":"4ee0f7c8-e8b0-42ee-b44c-173c06befc16","Name":"IntegrationInstance","Value":"5f0be264-7933-4bb3-9c90-a945bf361a2f"},{"ParentStepIdentifier":"41337424-6fcd-4b2e-a782-469e951a4a3f","ParentWorkflowIdentifier":"4ee0f7c8-e8b0-42ee-b44c-173c06befc16","Name":"MessageToAssignee","Value":null},{"ParentStepIdentifier":"41337424-6fcd-4b2e-a782-469e951a4a3f","ParentWorkflowIdentifier":"4ee0f7c8-e8b0-42ee-b44c-173c06befc16","Name":"PendingActionTimeout","Value":null},{"ParentStepIdentifier":"41337424-6fcd-4b2e-a782-469e951a4a3f","ParentWorkflowIdentifier":"4ee0f7c8-e8b0-42ee-b44c-173c06befc16","Name":"ScriptName","Value":"VectraRUX_Add Note"},{"ParentStepIdentifier":"41337424-6fcd-4b2e-a782-469e951a4a3f","ParentWorkflowIdentifier":"4ee0f7c8-e8b0-42ee-b44c-173c06befc16","Name":"ScriptParametersEntityFields","Value":"{\"Note\":\"Case has been closed for host [Alert.Id]\",\"Entity ID\":\"[Alert.Id]\",\"Entity Type\":\"Host\"}"},{"ParentStepIdentifier":"41337424-6fcd-4b2e-a782-469e951a4a3f","ParentWorkflowIdentifier":"4ee0f7c8-e8b0-42ee-b44c-173c06befc16","Name":"SelectedScopeName","Value":"All entities"}],"AutoSkipOnFailure":false,"IsDebugMockData":false,"StepDebugData":null,"ParentStepContainerId":null,"IsTouchedByAi":false,"ParallelActions":[]},{"Identifier":"5282f7a7-acea-446d-8743-fdb0c02a4ef7","OriginalStepIdentifier":"9f8fbe0e-ad6e-4082-b066-9addcdf01791","ParentWorkflowIdentifier":"4ee0f7c8-e8b0-42ee-b44c-173c06befc16","ParentStepIdentifiers":["0b833a0e-b7b3-4170-a030-4e0b81152a90"],"ParentStepIdentifier":"0b833a0e-b7b3-4170-a030-4e0b81152a90","PreviousResultCondition":"{}","InstanceName":"Host Marking Detection Fixed","IsAutomatic":true,"Name":"VectraRUX_Mark Detection Fixed","IsSkippable":false,"Description":"The goal of this action is to be able to set given detections as fixed.","ActionProvider":"Scripts","ActionName":"VectraRUX_Mark Detection Fixed","Type":0,"Integration":"VectraRUX","Parameters":[{"ParentStepIdentifier":"5282f7a7-acea-446d-8743-fdb0c02a4ef7","ParentWorkflowIdentifier":"4ee0f7c8-e8b0-42ee-b44c-173c06befc16","Name":"AssignedUsers","Value":null},{"ParentStepIdentifier":"5282f7a7-acea-446d-8743-fdb0c02a4ef7","ParentWorkflowIdentifier":"4ee0f7c8-e8b0-42ee-b44c-173c06befc16","Name":"AsyncActionTimeout","Value":"86400"},{"ParentStepIdentifier":"5282f7a7-acea-446d-8743-fdb0c02a4ef7","ParentWorkflowIdentifier":"4ee0f7c8-e8b0-42ee-b44c-173c06befc16","Name":"AsyncPollingInterval","Value":"3600"},{"ParentStepIdentifier":"5282f7a7-acea-446d-8743-fdb0c02a4ef7","ParentWorkflowIdentifier":"4ee0f7c8-e8b0-42ee-b44c-173c06befc16","Name":"DynamicInjectionInstancePlaceholder","Value":""},{"ParentStepIdentifier":"5282f7a7-acea-446d-8743-fdb0c02a4ef7","ParentWorkflowIdentifier":"4ee0f7c8-e8b0-42ee-b44c-173c06befc16","Name":"FallbackIntegrationInstance","Value":null},{"ParentStepIdentifier":"5282f7a7-acea-446d-8743-fdb0c02a4ef7","ParentWorkflowIdentifier":"4ee0f7c8-e8b0-42ee-b44c-173c06befc16","Name":"FetchInstanceByName","Value":"false"},{"ParentStepIdentifier":"5282f7a7-acea-446d-8743-fdb0c02a4ef7","ParentWorkflowIdentifier":"4ee0f7c8-e8b0-42ee-b44c-173c06befc16","Name":"HasApprovalLink","Value":null},{"ParentStepIdentifier":"5282f7a7-acea-446d-8743-fdb0c02a4ef7","ParentWorkflowIdentifier":"4ee0f7c8-e8b0-42ee-b44c-173c06befc16","Name":"IntegrationInstance","Value":"5f0be264-7933-4bb3-9c90-a945bf361a2f"},{"ParentStepIdentifier":"5282f7a7-acea-446d-8743-fdb0c02a4ef7","ParentWorkflowIdentifier":"4ee0f7c8-e8b0-42ee-b44c-173c06befc16","Name":"MessageToAssignee","Value":null},{"ParentStepIdentifier":"5282f7a7-acea-446d-8743-fdb0c02a4ef7","ParentWorkflowIdentifier":"4ee0f7c8-e8b0-42ee-b44c-173c06befc16","Name":"PendingActionTimeout","Value":null},{"ParentStepIdentifier":"5282f7a7-acea-446d-8743-fdb0c02a4ef7","ParentWorkflowIdentifier":"4ee0f7c8-e8b0-42ee-b44c-173c06befc16","Name":"ScriptName","Value":"VectraRUX_Mark Detection Fixed"},{"ParentStepIdentifier":"5282f7a7-acea-446d-8743-fdb0c02a4ef7","ParentWorkflowIdentifier":"4ee0f7c8-e8b0-42ee-b44c-173c06befc16","Name":"ScriptParametersEntityFields","Value":"{\"Detection IDs\":\"[Host List Detection.JsonResult| filter(\\\"is_triaged\\\", \\\"=\\\", \\\"false\\\") | \\\"id\\\"]\"}"},{"ParentStepIdentifier":"5282f7a7-acea-446d-8743-fdb0c02a4ef7","ParentWorkflowIdentifier":"4ee0f7c8-e8b0-42ee-b44c-173c06befc16","Name":"SelectedScopeName","Value":"All entities"}],"AutoSkipOnFailure":false,"IsDebugMockData":false,"StepDebugData":null,"ParentStepContainerId":null,"IsTouchedByAi":false,"ParallelActions":[]},{"Identifier":"af12f399-ef9e-49ea-bd75-05233be115f6","OriginalStepIdentifier":"bea881b5-2a66-4dbb-ba8f-bf6fe5f33a91","ParentWorkflowIdentifier":"4ee0f7c8-e8b0-42ee-b44c-173c06befc16","ParentStepIdentifiers":["18e629cd-8773-47ee-b858-8c1e99dd01f0"],"ParentStepIdentifier":"18e629cd-8773-47ee-b858-8c1e99dd01f0","PreviousResultCondition":"{\n  \"18e629cd-8773-47ee-b858-8c1e99dd01f0\": \"2\"\n}","InstanceName":"Host List Detection","IsAutomatic":true,"Name":"VectraRUX_List Detections","IsSkippable":false,"Description":"List all detections from given Host id","ActionProvider":"Scripts","ActionName":"VectraRUX_List Detections","Type":0,"Integration":"VectraRUX","Parameters":[{"ParentStepIdentifier":"af12f399-ef9e-49ea-bd75-05233be115f6","ParentWorkflowIdentifier":"4ee0f7c8-e8b0-42ee-b44c-173c06befc16","Name":"AssignedUsers","Value":null},{"ParentStepIdentifier":"af12f399-ef9e-49ea-bd75-05233be115f6","ParentWorkflowIdentifier":"4ee0f7c8-e8b0-42ee-b44c-173c06befc16","Name":"AsyncActionTimeout","Value":"86400"},{"ParentStepIdentifier":"af12f399-ef9e-49ea-bd75-05233be115f6","ParentWorkflowIdentifier":"4ee0f7c8-e8b0-42ee-b44c-173c06befc16","Name":"AsyncPollingInterval","Value":"3600"},{"ParentStepIdentifier":"af12f399-ef9e-49ea-bd75-05233be115f6","ParentWorkflowIdentifier":"4ee0f7c8-e8b0-42ee-b44c-173c06befc16","Name":"DynamicInjectionInstancePlaceholder","Value":""},{"ParentStepIdentifier":"af12f399-ef9e-49ea-bd75-05233be115f6","ParentWorkflowIdentifier":"4ee0f7c8-e8b0-42ee-b44c-173c06befc16","Name":"FallbackIntegrationInstance","Value":null},{"ParentStepIdentifier":"af12f399-ef9e-49ea-bd75-05233be115f6","ParentWorkflowIdentifier":"4ee0f7c8-e8b0-42ee-b44c-173c06befc16","Name":"FetchInstanceByName","Value":"false"},{"ParentStepIdentifier":"af12f399-ef9e-49ea-bd75-05233be115f6","ParentWorkflowIdentifier":"4ee0f7c8-e8b0-42ee-b44c-173c06befc16","Name":"HasApprovalLink","Value":null},{"ParentStepIdentifier":"af12f399-ef9e-49ea-bd75-05233be115f6","ParentWorkflowIdentifier":"4ee0f7c8-e8b0-42ee-b44c-173c06befc16","Name":"IntegrationInstance","Value":"5f0be264-7933-4bb3-9c90-a945bf361a2f"},{"ParentStepIdentifier":"af12f399-ef9e-49ea-bd75-05233be115f6","ParentWorkflowIdentifier":"4ee0f7c8-e8b0-42ee-b44c-173c06befc16","Name":"MessageToAssignee","Value":null},{"ParentStepIdentifier":"af12f399-ef9e-49ea-bd75-05233be115f6","ParentWorkflowIdentifier":"4ee0f7c8-e8b0-42ee-b44c-173c06befc16","Name":"PendingActionTimeout","Value":null},{"ParentStepIdentifier":"af12f399-ef9e-49ea-bd75-05233be115f6","ParentWorkflowIdentifier":"4ee0f7c8-e8b0-42ee-b44c-173c06befc16","Name":"ScriptName","Value":"VectraRUX_List Detections"},{"ParentStepIdentifier":"af12f399-ef9e-49ea-bd75-05233be115f6","ParentWorkflowIdentifier":"4ee0f7c8-e8b0-42ee-b44c-173c06befc16","Name":"ScriptParametersEntityFields","Value":"{\"Is Targeting Key Asset\":\"\",\"Note Modified Timestamp GTE\":\"\",\"Limit\":\"\",\"Order\":\"\",\"Order By\":\"\",\"State\":\"Active\",\"Detection Type\":\"\",\"Detection Category\":\"\",\"Threat GTE\":\"\",\"Certainty GTE\":\"\",\"Last Timestamp GTE\":\"\",\"Last Timestamp LTE\":\"\",\"Tags\":\"\",\"Entity Type\":\"Host\",\"Entity ID\":\"[Alert.Id]\"}"},{"ParentStepIdentifier":"af12f399-ef9e-49ea-bd75-05233be115f6","ParentWorkflowIdentifier":"4ee0f7c8-e8b0-42ee-b44c-173c06befc16","Name":"SelectedScopeName","Value":"All entities"}],"AutoSkipOnFailure":false,"IsDebugMockData":false,"StepDebugData":null,"ParentStepContainerId":null,"IsTouchedByAi":false,"ParallelActions":[]},{"Identifier":"b99bd1a6-6366-48ef-9f33-d9e8206541e6","OriginalStepIdentifier":"c240dc80-6c7c-4503-803c-104efee8d7bf","ParentWorkflowIdentifier":"4ee0f7c8-e8b0-42ee-b44c-173c06befc16","ParentStepIdentifiers":["c43f601b-5fdb-4db8-abbf-42f7a1a27dbf"],"ParentStepIdentifier":"c43f601b-5fdb-4db8-abbf-42f7a1a27dbf","PreviousResultCondition":"{}","InstanceName":"Account Add Note","IsAutomatic":true,"Name":"VectraRUX_Add Note","IsSkippable":false,"Description":"Adding a note to account","ActionProvider":"Scripts","ActionName":"VectraRUX_Add Note","Type":0,"Integration":"VectraRUX","Parameters":[{"ParentStepIdentifier":"b99bd1a6-6366-48ef-9f33-d9e8206541e6","ParentWorkflowIdentifier":"4ee0f7c8-e8b0-42ee-b44c-173c06befc16","Name":"AssignedUsers","Value":null},{"ParentStepIdentifier":"b99bd1a6-6366-48ef-9f33-d9e8206541e6","ParentWorkflowIdentifier":"4ee0f7c8-e8b0-42ee-b44c-173c06befc16","Name":"AsyncActionTimeout","Value":"86400"},{"ParentStepIdentifier":"b99bd1a6-6366-48ef-9f33-d9e8206541e6","ParentWorkflowIdentifier":"4ee0f7c8-e8b0-42ee-b44c-173c06befc16","Name":"AsyncPollingInterval","Value":"3600"},{"ParentStepIdentifier":"b99bd1a6-6366-48ef-9f33-d9e8206541e6","ParentWorkflowIdentifier":"4ee0f7c8-e8b0-42ee-b44c-173c06befc16","Name":"DynamicInjectionInstancePlaceholder","Value":""},{"ParentStepIdentifier":"b99bd1a6-6366-48ef-9f33-d9e8206541e6","ParentWorkflowIdentifier":"4ee0f7c8-e8b0-42ee-b44c-173c06befc16","Name":"FallbackIntegrationInstance","Value":null},{"ParentStepIdentifier":"b99bd1a6-6366-48ef-9f33-d9e8206541e6","ParentWorkflowIdentifier":"4ee0f7c8-e8b0-42ee-b44c-173c06befc16","Name":"FetchInstanceByName","Value":"false"},{"ParentStepIdentifier":"b99bd1a6-6366-48ef-9f33-d9e8206541e6","ParentWorkflowIdentifier":"4ee0f7c8-e8b0-42ee-b44c-173c06befc16","Name":"HasApprovalLink","Value":null},{"ParentStepIdentifier":"b99bd1a6-6366-48ef-9f33-d9e8206541e6","ParentWorkflowIdentifier":"4ee0f7c8-e8b0-42ee-b44c-173c06befc16","Name":"IntegrationInstance","Value":"5f0be264-7933-4bb3-9c90-a945bf361a2f"},{"ParentStepIdentifier":"b99bd1a6-6366-48ef-9f33-d9e8206541e6","ParentWorkflowIdentifier":"4ee0f7c8-e8b0-42ee-b44c-173c06befc16","Name":"MessageToAssignee","Value":null},{"ParentStepIdentifier":"b99bd1a6-6366-48ef-9f33-d9e8206541e6","ParentWorkflowIdentifier":"4ee0f7c8-e8b0-42ee-b44c-173c06befc16","Name":"PendingActionTimeout","Value":null},{"ParentStepIdentifier":"b99bd1a6-6366-48ef-9f33-d9e8206541e6","ParentWorkflowIdentifier":"4ee0f7c8-e8b0-42ee-b44c-173c06befc16","Name":"ScriptName","Value":"VectraRUX_Add Note"},{"ParentStepIdentifier":"b99bd1a6-6366-48ef-9f33-d9e8206541e6","ParentWorkflowIdentifier":"4ee0f7c8-e8b0-42ee-b44c-173c06befc16","Name":"ScriptParametersEntityFields","Value":"{\"Note\":\"Case has been closed for account [Alert.Id]\",\"Entity ID\":\"[Alert.Id]\",\"Entity Type\":\"Account\"}"},{"ParentStepIdentifier":"b99bd1a6-6366-48ef-9f33-d9e8206541e6","ParentWorkflowIdentifier":"4ee0f7c8-e8b0-42ee-b44c-173c06befc16","Name":"SelectedScopeName","Value":"All entities"}],"AutoSkipOnFailure":false,"IsDebugMockData":false,"StepDebugData":null,"ParentStepContainerId":null,"IsTouchedByAi":false,"ParallelActions":[]},{"Identifier":"c43f601b-5fdb-4db8-abbf-42f7a1a27dbf","OriginalStepIdentifier":"a880b1f2-b2d8-4dc9-9f27-261ed377a995","ParentWorkflowIdentifier":"4ee0f7c8-e8b0-42ee-b44c-173c06befc16","ParentStepIdentifiers":["d1edafbd-35c7-4c28-ba2b-7ac164eeda53"],"ParentStepIdentifier":"d1edafbd-35c7-4c28-ba2b-7ac164eeda53","PreviousResultCondition":"{}","InstanceName":"Account Mark Detection FIxed","IsAutomatic":true,"Name":"VectraRUX_Mark Detection Fixed","IsSkippable":false,"Description":"The goal of this action is to be able to set given detections as fixed.","ActionProvider":"Scripts","ActionName":"VectraRUX_Mark Detection Fixed","Type":0,"Integration":"VectraRUX","Parameters":[{"ParentStepIdentifier":"c43f601b-5fdb-4db8-abbf-42f7a1a27dbf","ParentWorkflowIdentifier":"4ee0f7c8-e8b0-42ee-b44c-173c06befc16","Name":"AssignedUsers","Value":null},{"ParentStepIdentifier":"c43f601b-5fdb-4db8-abbf-42f7a1a27dbf","ParentWorkflowIdentifier":"4ee0f7c8-e8b0-42ee-b44c-173c06befc16","Name":"AsyncActionTimeout","Value":"86400"},{"ParentStepIdentifier":"c43f601b-5fdb-4db8-abbf-42f7a1a27dbf","ParentWorkflowIdentifier":"4ee0f7c8-e8b0-42ee-b44c-173c06befc16","Name":"AsyncPollingInterval","Value":"3600"},{"ParentStepIdentifier":"c43f601b-5fdb-4db8-abbf-42f7a1a27dbf","ParentWorkflowIdentifier":"4ee0f7c8-e8b0-42ee-b44c-173c06befc16","Name":"DynamicInjectionInstancePlaceholder","Value":""},{"ParentStepIdentifier":"c43f601b-5fdb-4db8-abbf-42f7a1a27dbf","ParentWorkflowIdentifier":"4ee0f7c8-e8b0-42ee-b44c-173c06befc16","Name":"FallbackIntegrationInstance","Value":null},{"ParentStepIdentifier":"c43f601b-5fdb-4db8-abbf-42f7a1a27dbf","ParentWorkflowIdentifier":"4ee0f7c8-e8b0-42ee-b44c-173c06befc16","Name":"FetchInstanceByName","Value":"false"},{"ParentStepIdentifier":"c43f601b-5fdb-4db8-abbf-42f7a1a27dbf","ParentWorkflowIdentifier":"4ee0f7c8-e8b0-42ee-b44c-173c06befc16","Name":"HasApprovalLink","Value":null},{"ParentStepIdentifier":"c43f601b-5fdb-4db8-abbf-42f7a1a27dbf","ParentWorkflowIdentifier":"4ee0f7c8-e8b0-42ee-b44c-173c06befc16","Name":"IntegrationInstance","Value":"5f0be264-7933-4bb3-9c90-a945bf361a2f"},{"ParentStepIdentifier":"c43f601b-5fdb-4db8-abbf-42f7a1a27dbf","ParentWorkflowIdentifier":"4ee0f7c8-e8b0-42ee-b44c-173c06befc16","Name":"MessageToAssignee","Value":null},{"ParentStepIdentifier":"c43f601b-5fdb-4db8-abbf-42f7a1a27dbf","ParentWorkflowIdentifier":"4ee0f7c8-e8b0-42ee-b44c-173c06befc16","Name":"PendingActionTimeout","Value":null},{"ParentStepIdentifier":"c43f601b-5fdb-4db8-abbf-42f7a1a27dbf","ParentWorkflowIdentifier":"4ee0f7c8-e8b0-42ee-b44c-173c06befc16","Name":"ScriptName","Value":"VectraRUX_Mark Detection Fixed"},{"ParentStepIdentifier":"c43f601b-5fdb-4db8-abbf-42f7a1a27dbf","ParentWorkflowIdentifier":"4ee0f7c8-e8b0-42ee-b44c-173c06befc16","Name":"ScriptParametersEntityFields","Value":"{\"Detection IDs\":\"[Account List Detection.JsonResult| filter(\\\"is_triaged\\\", \\\"=\\\", \\\"false\\\") | \\\"id\\\"]\"}"},{"ParentStepIdentifier":"c43f601b-5fdb-4db8-abbf-42f7a1a27dbf","ParentWorkflowIdentifier":"4ee0f7c8-e8b0-42ee-b44c-173c06befc16","Name":"SelectedScopeName","Value":"All entities"}],"AutoSkipOnFailure":false,"IsDebugMockData":false,"StepDebugData":null,"ParentStepContainerId":null,"IsTouchedByAi":false,"ParallelActions":[]},{"Identifier":"d1edafbd-35c7-4c28-ba2b-7ac164eeda53","OriginalStepIdentifier":"a6ba68d9-39c3-49e6-b620-b181d0d0707d","ParentWorkflowIdentifier":"4ee0f7c8-e8b0-42ee-b44c-173c06befc16","ParentStepIdentifiers":["4124d3c4-fcc8-4a79-a5d0-62e38dba8bff"],"ParentStepIdentifier":"4124d3c4-fcc8-4a79-a5d0-62e38dba8bff","PreviousResultCondition":"{}","InstanceName":"Account Resolve Assignment","IsAutomatic":false,"Name":"VectraRUX_Resolve Assignment","IsSkippable":false,"Description":"The goal of this action is to be able resolve assignment for the account.","ActionProvider":"Scripts","ActionName":"VectraRUX_Resolve Assignment","Type":0,"Integration":"VectraRUX","Parameters":[{"ParentStepIdentifier":"d1edafbd-35c7-4c28-ba2b-7ac164eeda53","ParentWorkflowIdentifier":"4ee0f7c8-e8b0-42ee-b44c-173c06befc16","Name":"AssignedUsers","Value":null},{"ParentStepIdentifier":"d1edafbd-35c7-4c28-ba2b-7ac164eeda53","ParentWorkflowIdentifier":"4ee0f7c8-e8b0-42ee-b44c-173c06befc16","Name":"AsyncActionTimeout","Value":"86400"},{"ParentStepIdentifier":"d1edafbd-35c7-4c28-ba2b-7ac164eeda53","ParentWorkflowIdentifier":"4ee0f7c8-e8b0-42ee-b44c-173c06befc16","Name":"AsyncPollingInterval","Value":"3600"},{"ParentStepIdentifier":"d1edafbd-35c7-4c28-ba2b-7ac164eeda53","ParentWorkflowIdentifier":"4ee0f7c8-e8b0-42ee-b44c-173c06befc16","Name":"DynamicInjectionInstancePlaceholder","Value":""},{"ParentStepIdentifier":"d1edafbd-35c7-4c28-ba2b-7ac164eeda53","ParentWorkflowIdentifier":"4ee0f7c8-e8b0-42ee-b44c-173c06befc16","Name":"FallbackIntegrationInstance","Value":null},{"ParentStepIdentifier":"d1edafbd-35c7-4c28-ba2b-7ac164eeda53","ParentWorkflowIdentifier":"4ee0f7c8-e8b0-42ee-b44c-173c06befc16","Name":"FetchInstanceByName","Value":"false"},{"ParentStepIdentifier":"d1edafbd-35c7-4c28-ba2b-7ac164eeda53","ParentWorkflowIdentifier":"4ee0f7c8-e8b0-42ee-b44c-173c06befc16","Name":"HasApprovalLink","Value":"true"},{"ParentStepIdentifier":"d1edafbd-35c7-4c28-ba2b-7ac164eeda53","ParentWorkflowIdentifier":"4ee0f7c8-e8b0-42ee-b44c-173c06befc16","Name":"IntegrationInstance","Value":"5f0be264-7933-4bb3-9c90-a945bf361a2f"},{"ParentStepIdentifier":"d1edafbd-35c7-4c28-ba2b-7ac164eeda53","ParentWorkflowIdentifier":"4ee0f7c8-e8b0-42ee-b44c-173c06befc16","Name":"MessageToAssignee","Value":null},{"ParentStepIdentifier":"d1edafbd-35c7-4c28-ba2b-7ac164eeda53","ParentWorkflowIdentifier":"4ee0f7c8-e8b0-42ee-b44c-173c06befc16","Name":"PendingActionTimeout","Value":null},{"ParentStepIdentifier":"d1edafbd-35c7-4c28-ba2b-7ac164eeda53","ParentWorkflowIdentifier":"4ee0f7c8-e8b0-42ee-b44c-173c06befc16","Name":"ScriptName","Value":"VectraRUX_Resolve Assignment"},{"ParentStepIdentifier":"d1edafbd-35c7-4c28-ba2b-7ac164eeda53","ParentWorkflowIdentifier":"4ee0f7c8-e8b0-42ee-b44c-173c06befc16","Name":"ScriptParametersEntityFields","Value":"{\"Outcome ID\":\"1\",\"Note Title\":\" Note\",\"Triage As\":\"csoar - [Case.Id] \",\"Detection IDs\":\"[Account List Detection.JsonResult| filter(\\\"is_triaged\\\", \\\"=\\\", \\\"false\\\") | \\\"id\\\"]\\n\",\"Assignment ID\":\"[Account List Assignment.JsonResult| filter(\\\"date_resolved\\\", \\\"=\\\", \\\"\\\") | \\\"id\\\"]\\n\"}"},{"ParentStepIdentifier":"d1edafbd-35c7-4c28-ba2b-7ac164eeda53","ParentWorkflowIdentifier":"4ee0f7c8-e8b0-42ee-b44c-173c06befc16","Name":"SelectedScopeName","Value":"All entities"}],"AutoSkipOnFailure":false,"IsDebugMockData":false,"StepDebugData":null,"ParentStepContainerId":null,"IsTouchedByAi":false,"ParallelActions":[]},{"Identifier":"ef10a52d-4c87-468c-8242-472e81a6e40d","OriginalStepIdentifier":"659b4d5e-d246-445d-8d03-45e76203c2be","ParentWorkflowIdentifier":"4ee0f7c8-e8b0-42ee-b44c-173c06befc16","ParentStepIdentifiers":["0993ed04-4b3f-4392-b360-e26e12ec9f40"],"ParentStepIdentifier":"0993ed04-4b3f-4392-b360-e26e12ec9f40","PreviousResultCondition":"{\n  \"0993ed04-4b3f-4392-b360-e26e12ec9f40\": \"1\"\n}","InstanceName":"Host List Assignment","IsAutomatic":true,"Name":"VectraRUX_List Assignments","IsSkippable":false,"Description":"List assignments based on the query parameters for host","ActionProvider":"Scripts","ActionName":"VectraRUX_List Assignments","Type":0,"Integration":"VectraRUX","Parameters":[{"ParentStepIdentifier":"ef10a52d-4c87-468c-8242-472e81a6e40d","ParentWorkflowIdentifier":"4ee0f7c8-e8b0-42ee-b44c-173c06befc16","Name":"AssignedUsers","Value":null},{"ParentStepIdentifier":"ef10a52d-4c87-468c-8242-472e81a6e40d","ParentWorkflowIdentifier":"4ee0f7c8-e8b0-42ee-b44c-173c06befc16","Name":"AsyncActionTimeout","Value":"86400"},{"ParentStepIdentifier":"ef10a52d-4c87-468c-8242-472e81a6e40d","ParentWorkflowIdentifier":"4ee0f7c8-e8b0-42ee-b44c-173c06befc16","Name":"AsyncPollingInterval","Value":"3600"},{"ParentStepIdentifier":"ef10a52d-4c87-468c-8242-472e81a6e40d","ParentWorkflowIdentifier":"4ee0f7c8-e8b0-42ee-b44c-173c06befc16","Name":"DynamicInjectionInstancePlaceholder","Value":""},{"ParentStepIdentifier":"ef10a52d-4c87-468c-8242-472e81a6e40d","ParentWorkflowIdentifier":"4ee0f7c8-e8b0-42ee-b44c-173c06befc16","Name":"FallbackIntegrationInstance","Value":null},{"ParentStepIdentifier":"ef10a52d-4c87-468c-8242-472e81a6e40d","ParentWorkflowIdentifier":"4ee0f7c8-e8b0-42ee-b44c-173c06befc16","Name":"FetchInstanceByName","Value":"false"},{"ParentStepIdentifier":"ef10a52d-4c87-468c-8242-472e81a6e40d","ParentWorkflowIdentifier":"4ee0f7c8-e8b0-42ee-b44c-173c06befc16","Name":"HasApprovalLink","Value":null},{"ParentStepIdentifier":"ef10a52d-4c87-468c-8242-472e81a6e40d","ParentWorkflowIdentifier":"4ee0f7c8-e8b0-42ee-b44c-173c06befc16","Name":"IntegrationInstance","Value":"5f0be264-7933-4bb3-9c90-a945bf361a2f"},{"ParentStepIdentifier":"ef10a52d-4c87-468c-8242-472e81a6e40d","ParentWorkflowIdentifier":"4ee0f7c8-e8b0-42ee-b44c-173c06befc16","Name":"MessageToAssignee","Value":null},{"ParentStepIdentifier":"ef10a52d-4c87-468c-8242-472e81a6e40d","ParentWorkflowIdentifier":"4ee0f7c8-e8b0-42ee-b44c-173c06befc16","Name":"PendingActionTimeout","Value":null},{"ParentStepIdentifier":"ef10a52d-4c87-468c-8242-472e81a6e40d","ParentWorkflowIdentifier":"4ee0f7c8-e8b0-42ee-b44c-173c06befc16","Name":"ScriptName","Value":"VectraRUX_List Assignments"},{"ParentStepIdentifier":"ef10a52d-4c87-468c-8242-472e81a6e40d","ParentWorkflowIdentifier":"4ee0f7c8-e8b0-42ee-b44c-173c06befc16","Name":"ScriptParametersEntityFields","Value":"{\"Accounts IDs\":\"\",\"Assignees IDs\":\"\",\"Resolution IDs\":\"\",\"Resolved\":\"None\",\"Created After\":\"\",\"Limit\":\"\",\"Hosts IDs\":\" [Alert.Id]\"}"},{"ParentStepIdentifier":"ef10a52d-4c87-468c-8242-472e81a6e40d","ParentWorkflowIdentifier":"4ee0f7c8-e8b0-42ee-b44c-173c06befc16","Name":"SelectedScopeName","Value":"All entities"}],"AutoSkipOnFailure":false,"IsDebugMockData":false,"StepDebugData":null,"ParentStepContainerId":null,"IsTouchedByAi":false,"ParallelActions":[]}],"Triggers":[{"Identifier":"1dc4ab0c-cd35-4c1e-ba4e-fdc952af08c9","IsEnabled":true,"DefinitionIdentifier":"4ee0f7c8-e8b0-42ee-b44c-173c06befc16","Type":10,"WorkflowName":null,"LogicalOperator":0,"Conditions":[{"FieldName":"[Alert.Product]\n","MatchType":0,"Value":"Vectra RUX"}],"Environments":["Default Environment"]}],"OverviewTemplates":[],"Permissions":[],"Environments":["Default Environment"]}}