{"CategoryName":"UseCasePlaybooks","OverviewTemplatesDetails":[],"WidgetTemplates":[],"Definition":{"Identifier":"74875468-5ce9-4381-a56c-593c82d81f85","IsEnable":true,"Version":0.0,"IsArchived":false,"IsAutomatic":true,"Name":"Vectra RUX - Process case playbook","Category":7,"Description":"This playbook assigns a user to a Vectra entity for RUX, adds a note with a SOAR case link, and moves the case to the Investigation stage.","Priority":1,"Creator":"d90e148e-c7bc-42b5-9f6f-f5dc02b25b23","VersionCreator":null,"VersionComment":null,"OriginalWorkflowIdentifier":"74875468-5ce9-4381-a56c-593c82d81f85","TemplateName":null,"PlaybookType":0,"IsDebugMode":false,"DebugBaseAlertIdentifier":null,"DebugAlertIdentifier":null,"SimulationClone":false,"DefaultAccessLevel":2,"Steps":[{"Identifier":"19a8176d-6b81-45dc-8b01-b6cb3e61f1c9","OriginalStepIdentifier":"19a8176d-6b81-45dc-8b01-b6cb3e61f1c9","ParentWorkflowIdentifier":"74875468-5ce9-4381-a56c-593c82d81f85","ParentStepIdentifiers":["a7af7325-e784-40d9-a39a-9ab1ee02256a"],"ParentStepIdentifier":"a7af7325-e784-40d9-a39a-9ab1ee02256a","PreviousResultCondition":"{}","InstanceName":"Check Entity Type","IsAutomatic":true,"Name":"Condition","IsSkippable":false,"Description":"Checking Entity Type is \"Host\" or \"Account\"","ActionProvider":"Flow","ActionName":"IfFlowCondition","Type":4,"Integration":"Flow","Parameters":[{"ParentStepIdentifier":"19a8176d-6b81-45dc-8b01-b6cb3e61f1c9","ParentWorkflowIdentifier":"74875468-5ce9-4381-a56c-593c82d81f85","Name":"AssignedUsers","Value":null},{"ParentStepIdentifier":"19a8176d-6b81-45dc-8b01-b6cb3e61f1c9","ParentWorkflowIdentifier":"74875468-5ce9-4381-a56c-593c82d81f85","Name":"Branches","Value":"[{\"LogicalOperator\":0,\"Conditions\":[{\"Operator\":0,\"FieldName\":\"[Alert.entity_type]\",\"Type\":2,\"Value\":\"account\"}],\"Order\":1,\"IsDefaultBranch\":false,\"Name\":\"Account\"},{\"LogicalOperator\":0,\"Conditions\":[],\"Order\":3,\"IsDefaultBranch\":true,\"Name\":\"Branch\"},{\"LogicalOperator\":0,\"Conditions\":[{\"Operator\":0,\"FieldName\":\"[Alert.entity_type]\",\"Type\":2,\"Value\":\"host\"}],\"Order\":2,\"IsDefaultBranch\":false,\"Name\":\"Host\"}]"},{"ParentStepIdentifier":"19a8176d-6b81-45dc-8b01-b6cb3e61f1c9","ParentWorkflowIdentifier":"74875468-5ce9-4381-a56c-593c82d81f85","Name":"DynamicInjectionInstancePlaceholder","Value":null},{"ParentStepIdentifier":"19a8176d-6b81-45dc-8b01-b6cb3e61f1c9","ParentWorkflowIdentifier":"74875468-5ce9-4381-a56c-593c82d81f85","Name":"ErrorFallbackBranch","Value":null},{"ParentStepIdentifier":"19a8176d-6b81-45dc-8b01-b6cb3e61f1c9","ParentWorkflowIdentifier":"74875468-5ce9-4381-a56c-593c82d81f85","Name":"FetchInstanceByName","Value":null},{"ParentStepIdentifier":"19a8176d-6b81-45dc-8b01-b6cb3e61f1c9","ParentWorkflowIdentifier":"74875468-5ce9-4381-a56c-593c82d81f85","Name":"HasApprovalLink","Value":null},{"ParentStepIdentifier":"19a8176d-6b81-45dc-8b01-b6cb3e61f1c9","ParentWorkflowIdentifier":"74875468-5ce9-4381-a56c-593c82d81f85","Name":"MessageToAssignee","Value":null},{"ParentStepIdentifier":"19a8176d-6b81-45dc-8b01-b6cb3e61f1c9","ParentWorkflowIdentifier":"74875468-5ce9-4381-a56c-593c82d81f85","Name":"PendingActionTimeout","Value":null},{"ParentStepIdentifier":"19a8176d-6b81-45dc-8b01-b6cb3e61f1c9","ParentWorkflowIdentifier":"74875468-5ce9-4381-a56c-593c82d81f85","Name":"SelectedScopeName","Value":"All entities"}],"AutoSkipOnFailure":false,"IsDebugMockData":false,"StepDebugData":null,"ParentStepContainerId":null,"IsTouchedByAi":false,"ParallelActions":[]},{"Identifier":"203582bd-67c3-48ed-96b9-5ac7e586910c","OriginalStepIdentifier":"203582bd-67c3-48ed-96b9-5ac7e586910c","ParentWorkflowIdentifier":"74875468-5ce9-4381-a56c-593c82d81f85","ParentStepIdentifiers":["19a8176d-6b81-45dc-8b01-b6cb3e61f1c9"],"ParentStepIdentifier":"19a8176d-6b81-45dc-8b01-b6cb3e61f1c9","PreviousResultCondition":"{\n  \"19a8176d-6b81-45dc-8b01-b6cb3e61f1c9\": \"1\"\n}","InstanceName":"Assign Entity Account","IsAutomatic":false,"Name":"VectraRUX_Assign Entity","IsSkippable":false,"Description":"Assign entity to the provided User ID to entity type account","ActionProvider":"Scripts","ActionName":"VectraRUX_Assign Entity","Type":0,"Integration":"VectraRUX","Parameters":[{"ParentStepIdentifier":"203582bd-67c3-48ed-96b9-5ac7e586910c","ParentWorkflowIdentifier":"74875468-5ce9-4381-a56c-593c82d81f85","Name":"AssignedUsers","Value":null},{"ParentStepIdentifier":"203582bd-67c3-48ed-96b9-5ac7e586910c","ParentWorkflowIdentifier":"74875468-5ce9-4381-a56c-593c82d81f85","Name":"AsyncActionTimeout","Value":"86400"},{"ParentStepIdentifier":"203582bd-67c3-48ed-96b9-5ac7e586910c","ParentWorkflowIdentifier":"74875468-5ce9-4381-a56c-593c82d81f85","Name":"AsyncPollingInterval","Value":"3600"},{"ParentStepIdentifier":"203582bd-67c3-48ed-96b9-5ac7e586910c","ParentWorkflowIdentifier":"74875468-5ce9-4381-a56c-593c82d81f85","Name":"DynamicInjectionInstancePlaceholder","Value":""},{"ParentStepIdentifier":"203582bd-67c3-48ed-96b9-5ac7e586910c","ParentWorkflowIdentifier":"74875468-5ce9-4381-a56c-593c82d81f85","Name":"FallbackIntegrationInstance","Value":null},{"ParentStepIdentifier":"203582bd-67c3-48ed-96b9-5ac7e586910c","ParentWorkflowIdentifier":"74875468-5ce9-4381-a56c-593c82d81f85","Name":"FetchInstanceByName","Value":"false"},{"ParentStepIdentifier":"203582bd-67c3-48ed-96b9-5ac7e586910c","ParentWorkflowIdentifier":"74875468-5ce9-4381-a56c-593c82d81f85","Name":"HasApprovalLink","Value":"true"},{"ParentStepIdentifier":"203582bd-67c3-48ed-96b9-5ac7e586910c","ParentWorkflowIdentifier":"74875468-5ce9-4381-a56c-593c82d81f85","Name":"IntegrationInstance","Value":"5f0be264-7933-4bb3-9c90-a945bf361a2f"},{"ParentStepIdentifier":"203582bd-67c3-48ed-96b9-5ac7e586910c","ParentWorkflowIdentifier":"74875468-5ce9-4381-a56c-593c82d81f85","Name":"MessageToAssignee","Value":null},{"ParentStepIdentifier":"203582bd-67c3-48ed-96b9-5ac7e586910c","ParentWorkflowIdentifier":"74875468-5ce9-4381-a56c-593c82d81f85","Name":"PendingActionTimeout","Value":null},{"ParentStepIdentifier":"203582bd-67c3-48ed-96b9-5ac7e586910c","ParentWorkflowIdentifier":"74875468-5ce9-4381-a56c-593c82d81f85","Name":"ScriptName","Value":"VectraRUX_Assign Entity"},{"ParentStepIdentifier":"203582bd-67c3-48ed-96b9-5ac7e586910c","ParentWorkflowIdentifier":"74875468-5ce9-4381-a56c-593c82d81f85","Name":"ScriptParametersEntityFields","Value":"{\"Entity ID\":\" [Alert.Id]\",\"Entity Type\":\"Account\",\"User ID\":\" 0\"}"},{"ParentStepIdentifier":"203582bd-67c3-48ed-96b9-5ac7e586910c","ParentWorkflowIdentifier":"74875468-5ce9-4381-a56c-593c82d81f85","Name":"SelectedScopeName","Value":"All entities"}],"AutoSkipOnFailure":false,"IsDebugMockData":false,"StepDebugData":{"CreationTimeUnixTimeInMs":0,"ModificationTimeUnixTimeInMs":0,"OriginalWorkflowIdentifier":"74875468-5ce9-4381-a56c-593c82d81f85","OriginalStepIdentifier":"203582bd-67c3-48ed-96b9-5ac7e586910c","ResultValue":"","ResultJson":"","ScopeEntitiesEnrichmentData":[],"ScopeEntitiesEnrichmentDataJson":"[]"},"ParentStepContainerId":null,"IsTouchedByAi":false,"ParallelActions":[]},{"Identifier":"70d657b2-167d-4396-bd72-2eca882f4bc9","OriginalStepIdentifier":"70d657b2-167d-4396-bd72-2eca882f4bc9","ParentWorkflowIdentifier":"74875468-5ce9-4381-a56c-593c82d81f85","ParentStepIdentifiers":["19a8176d-6b81-45dc-8b01-b6cb3e61f1c9"],"ParentStepIdentifier":"19a8176d-6b81-45dc-8b01-b6cb3e61f1c9","PreviousResultCondition":"{\n  \"19a8176d-6b81-45dc-8b01-b6cb3e61f1c9\": \"2\"\n}","InstanceName":"Assign Entity Host","IsAutomatic":false,"Name":"VectraRUX_Assign Entity","IsSkippable":false,"Description":"Assign entity to the provided User ID to entity type host","ActionProvider":"Scripts","ActionName":"VectraRUX_Assign Entity","Type":0,"Integration":"VectraRUX","Parameters":[{"ParentStepIdentifier":"70d657b2-167d-4396-bd72-2eca882f4bc9","ParentWorkflowIdentifier":"74875468-5ce9-4381-a56c-593c82d81f85","Name":"AssignedUsers","Value":null},{"ParentStepIdentifier":"70d657b2-167d-4396-bd72-2eca882f4bc9","ParentWorkflowIdentifier":"74875468-5ce9-4381-a56c-593c82d81f85","Name":"AsyncActionTimeout","Value":"86400"},{"ParentStepIdentifier":"70d657b2-167d-4396-bd72-2eca882f4bc9","ParentWorkflowIdentifier":"74875468-5ce9-4381-a56c-593c82d81f85","Name":"AsyncPollingInterval","Value":"3600"},{"ParentStepIdentifier":"70d657b2-167d-4396-bd72-2eca882f4bc9","ParentWorkflowIdentifier":"74875468-5ce9-4381-a56c-593c82d81f85","Name":"DynamicInjectionInstancePlaceholder","Value":""},{"ParentStepIdentifier":"70d657b2-167d-4396-bd72-2eca882f4bc9","ParentWorkflowIdentifier":"74875468-5ce9-4381-a56c-593c82d81f85","Name":"FallbackIntegrationInstance","Value":null},{"ParentStepIdentifier":"70d657b2-167d-4396-bd72-2eca882f4bc9","ParentWorkflowIdentifier":"74875468-5ce9-4381-a56c-593c82d81f85","Name":"FetchInstanceByName","Value":"false"},{"ParentStepIdentifier":"70d657b2-167d-4396-bd72-2eca882f4bc9","ParentWorkflowIdentifier":"74875468-5ce9-4381-a56c-593c82d81f85","Name":"HasApprovalLink","Value":"true"},{"ParentStepIdentifier":"70d657b2-167d-4396-bd72-2eca882f4bc9","ParentWorkflowIdentifier":"74875468-5ce9-4381-a56c-593c82d81f85","Name":"IntegrationInstance","Value":"5f0be264-7933-4bb3-9c90-a945bf361a2f"},{"ParentStepIdentifier":"70d657b2-167d-4396-bd72-2eca882f4bc9","ParentWorkflowIdentifier":"74875468-5ce9-4381-a56c-593c82d81f85","Name":"MessageToAssignee","Value":null},{"ParentStepIdentifier":"70d657b2-167d-4396-bd72-2eca882f4bc9","ParentWorkflowIdentifier":"74875468-5ce9-4381-a56c-593c82d81f85","Name":"PendingActionTimeout","Value":null},{"ParentStepIdentifier":"70d657b2-167d-4396-bd72-2eca882f4bc9","ParentWorkflowIdentifier":"74875468-5ce9-4381-a56c-593c82d81f85","Name":"ScriptName","Value":"VectraRUX_Assign Entity"},{"ParentStepIdentifier":"70d657b2-167d-4396-bd72-2eca882f4bc9","ParentWorkflowIdentifier":"74875468-5ce9-4381-a56c-593c82d81f85","Name":"ScriptParametersEntityFields","Value":"{\"Entity ID\":\"[Alert.Id]\",\"Entity Type\":\"Host\",\"User ID\":\" 0\"}"},{"ParentStepIdentifier":"70d657b2-167d-4396-bd72-2eca882f4bc9","ParentWorkflowIdentifier":"74875468-5ce9-4381-a56c-593c82d81f85","Name":"SelectedScopeName","Value":"All entities"}],"AutoSkipOnFailure":false,"IsDebugMockData":false,"StepDebugData":{"CreationTimeUnixTimeInMs":0,"ModificationTimeUnixTimeInMs":0,"OriginalWorkflowIdentifier":"74875468-5ce9-4381-a56c-593c82d81f85","OriginalStepIdentifier":"70d657b2-167d-4396-bd72-2eca882f4bc9","ResultValue":"","ResultJson":"","ScopeEntitiesEnrichmentData":[],"ScopeEntitiesEnrichmentDataJson":"[]"},"ParentStepContainerId":null,"IsTouchedByAi":false,"ParallelActions":[]},{"Identifier":"97a1729c-4eda-4484-8ce5-387d073274ae","OriginalStepIdentifier":"97a1729c-4eda-4484-8ce5-387d073274ae","ParentWorkflowIdentifier":"74875468-5ce9-4381-a56c-593c82d81f85","ParentStepIdentifiers":["203582bd-67c3-48ed-96b9-5ac7e586910c"],"ParentStepIdentifier":"203582bd-67c3-48ed-96b9-5ac7e586910c","PreviousResultCondition":"{}","InstanceName":"Add Note Account","IsAutomatic":true,"Name":"VectraRUX_Add Note","IsSkippable":false,"Description":"Adding hyperlink to the Account","ActionProvider":"Scripts","ActionName":"VectraRUX_Add Note","Type":0,"Integration":"VectraRUX","Parameters":[{"ParentStepIdentifier":"97a1729c-4eda-4484-8ce5-387d073274ae","ParentWorkflowIdentifier":"74875468-5ce9-4381-a56c-593c82d81f85","Name":"AssignedUsers","Value":null},{"ParentStepIdentifier":"97a1729c-4eda-4484-8ce5-387d073274ae","ParentWorkflowIdentifier":"74875468-5ce9-4381-a56c-593c82d81f85","Name":"AsyncActionTimeout","Value":"86400"},{"ParentStepIdentifier":"97a1729c-4eda-4484-8ce5-387d073274ae","ParentWorkflowIdentifier":"74875468-5ce9-4381-a56c-593c82d81f85","Name":"AsyncPollingInterval","Value":"3600"},{"ParentStepIdentifier":"97a1729c-4eda-4484-8ce5-387d073274ae","ParentWorkflowIdentifier":"74875468-5ce9-4381-a56c-593c82d81f85","Name":"DynamicInjectionInstancePlaceholder","Value":""},{"ParentStepIdentifier":"97a1729c-4eda-4484-8ce5-387d073274ae","ParentWorkflowIdentifier":"74875468-5ce9-4381-a56c-593c82d81f85","Name":"FallbackIntegrationInstance","Value":null},{"ParentStepIdentifier":"97a1729c-4eda-4484-8ce5-387d073274ae","ParentWorkflowIdentifier":"74875468-5ce9-4381-a56c-593c82d81f85","Name":"FetchInstanceByName","Value":"false"},{"ParentStepIdentifier":"97a1729c-4eda-4484-8ce5-387d073274ae","ParentWorkflowIdentifier":"74875468-5ce9-4381-a56c-593c82d81f85","Name":"HasApprovalLink","Value":null},{"ParentStepIdentifier":"97a1729c-4eda-4484-8ce5-387d073274ae","ParentWorkflowIdentifier":"74875468-5ce9-4381-a56c-593c82d81f85","Name":"IntegrationInstance","Value":"5f0be264-7933-4bb3-9c90-a945bf361a2f"},{"ParentStepIdentifier":"97a1729c-4eda-4484-8ce5-387d073274ae","ParentWorkflowIdentifier":"74875468-5ce9-4381-a56c-593c82d81f85","Name":"MessageToAssignee","Value":null},{"ParentStepIdentifier":"97a1729c-4eda-4484-8ce5-387d073274ae","ParentWorkflowIdentifier":"74875468-5ce9-4381-a56c-593c82d81f85","Name":"PendingActionTimeout","Value":null},{"ParentStepIdentifier":"97a1729c-4eda-4484-8ce5-387d073274ae","ParentWorkflowIdentifier":"74875468-5ce9-4381-a56c-593c82d81f85","Name":"ScriptName","Value":"VectraRUX_Add Note"},{"ParentStepIdentifier":"97a1729c-4eda-4484-8ce5-387d073274ae","ParentWorkflowIdentifier":"74875468-5ce9-4381-a56c-593c82d81f85","Name":"ScriptParametersEntityFields","Value":"{\"Note\":\"[Explore Case](https://vctrr.backstory.chronicle.security/cases/[Case.Id])\",\"Entity ID\":\"[Alert.Id]\",\"Entity Type\":\"Account\"}"},{"ParentStepIdentifier":"97a1729c-4eda-4484-8ce5-387d073274ae","ParentWorkflowIdentifier":"74875468-5ce9-4381-a56c-593c82d81f85","Name":"SelectedScopeName","Value":"All entities"}],"AutoSkipOnFailure":false,"IsDebugMockData":false,"StepDebugData":null,"ParentStepContainerId":null,"IsTouchedByAi":false,"ParallelActions":[]},{"Identifier":"a7af7325-e784-40d9-a39a-9ab1ee02256a","OriginalStepIdentifier":"a7af7325-e784-40d9-a39a-9ab1ee02256a","ParentWorkflowIdentifier":"74875468-5ce9-4381-a56c-593c82d81f85","ParentStepIdentifiers":[],"ParentStepIdentifier":"","PreviousResultCondition":null,"InstanceName":"List Users","IsAutomatic":true,"Name":"VectraRUX_List Users","IsSkippable":false,"Description":"Retrieve Entire List of Users","ActionProvider":"Scripts","ActionName":"VectraRUX_List Users","Type":0,"Integration":"VectraRUX","Parameters":[{"ParentStepIdentifier":"a7af7325-e784-40d9-a39a-9ab1ee02256a","ParentWorkflowIdentifier":"74875468-5ce9-4381-a56c-593c82d81f85","Name":"AssignedUsers","Value":null},{"ParentStepIdentifier":"a7af7325-e784-40d9-a39a-9ab1ee02256a","ParentWorkflowIdentifier":"74875468-5ce9-4381-a56c-593c82d81f85","Name":"AsyncActionTimeout","Value":"86400"},{"ParentStepIdentifier":"a7af7325-e784-40d9-a39a-9ab1ee02256a","ParentWorkflowIdentifier":"74875468-5ce9-4381-a56c-593c82d81f85","Name":"AsyncPollingInterval","Value":"3600"},{"ParentStepIdentifier":"a7af7325-e784-40d9-a39a-9ab1ee02256a","ParentWorkflowIdentifier":"74875468-5ce9-4381-a56c-593c82d81f85","Name":"DynamicInjectionInstancePlaceholder","Value":""},{"ParentStepIdentifier":"a7af7325-e784-40d9-a39a-9ab1ee02256a","ParentWorkflowIdentifier":"74875468-5ce9-4381-a56c-593c82d81f85","Name":"FallbackIntegrationInstance","Value":null},{"ParentStepIdentifier":"a7af7325-e784-40d9-a39a-9ab1ee02256a","ParentWorkflowIdentifier":"74875468-5ce9-4381-a56c-593c82d81f85","Name":"FetchInstanceByName","Value":"false"},{"ParentStepIdentifier":"a7af7325-e784-40d9-a39a-9ab1ee02256a","ParentWorkflowIdentifier":"74875468-5ce9-4381-a56c-593c82d81f85","Name":"HasApprovalLink","Value":null},{"ParentStepIdentifier":"a7af7325-e784-40d9-a39a-9ab1ee02256a","ParentWorkflowIdentifier":"74875468-5ce9-4381-a56c-593c82d81f85","Name":"IntegrationInstance","Value":"5f0be264-7933-4bb3-9c90-a945bf361a2f"},{"ParentStepIdentifier":"a7af7325-e784-40d9-a39a-9ab1ee02256a","ParentWorkflowIdentifier":"74875468-5ce9-4381-a56c-593c82d81f85","Name":"MessageToAssignee","Value":null},{"ParentStepIdentifier":"a7af7325-e784-40d9-a39a-9ab1ee02256a","ParentWorkflowIdentifier":"74875468-5ce9-4381-a56c-593c82d81f85","Name":"PendingActionTimeout","Value":null},{"ParentStepIdentifier":"a7af7325-e784-40d9-a39a-9ab1ee02256a","ParentWorkflowIdentifier":"74875468-5ce9-4381-a56c-593c82d81f85","Name":"ScriptName","Value":"VectraRUX_List Users"},{"ParentStepIdentifier":"a7af7325-e784-40d9-a39a-9ab1ee02256a","ParentWorkflowIdentifier":"74875468-5ce9-4381-a56c-593c82d81f85","Name":"ScriptParametersEntityFields","Value":"{\"Role\":\"\",\"Email\":\"\",\"Last Login GTE\":\"\",\"Limit\":\"\"}"},{"ParentStepIdentifier":"a7af7325-e784-40d9-a39a-9ab1ee02256a","ParentWorkflowIdentifier":"74875468-5ce9-4381-a56c-593c82d81f85","Name":"SelectedScopeName","Value":"All entities"}],"AutoSkipOnFailure":false,"IsDebugMockData":false,"StepDebugData":{"CreationTimeUnixTimeInMs":0,"ModificationTimeUnixTimeInMs":0,"OriginalWorkflowIdentifier":"74875468-5ce9-4381-a56c-593c82d81f85","OriginalStepIdentifier":"a7af7325-e784-40d9-a39a-9ab1ee02256a","ResultValue":"","ResultJson":"","ScopeEntitiesEnrichmentData":[],"ScopeEntitiesEnrichmentDataJson":"[]"},"ParentStepContainerId":null,"IsTouchedByAi":false,"ParallelActions":[]},{"Identifier":"cb39faad-2b06-4349-ac04-2dd85dfd663f","OriginalStepIdentifier":"cb39faad-2b06-4349-ac04-2dd85dfd663f","ParentWorkflowIdentifier":"74875468-5ce9-4381-a56c-593c82d81f85","ParentStepIdentifiers":["97a1729c-4eda-4484-8ce5-387d073274ae","f03c9e88-b4a0-4e2b-b995-eb1988f8e874"],"ParentStepIdentifier":"97a1729c-4eda-4484-8ce5-387d073274ae;f03c9e88-b4a0-4e2b-b995-eb1988f8e874","PreviousResultCondition":"{}","InstanceName":"Change Case Stage","IsAutomatic":true,"Name":"Siemplify_Change Case Stage","IsSkippable":false,"Description":"Changing case stage to investigation","ActionProvider":"Scripts","ActionName":"Siemplify_Change Case Stage","Type":0,"Integration":"Siemplify","Parameters":[{"ParentStepIdentifier":"cb39faad-2b06-4349-ac04-2dd85dfd663f","ParentWorkflowIdentifier":"74875468-5ce9-4381-a56c-593c82d81f85","Name":"AssignedUsers","Value":null},{"ParentStepIdentifier":"cb39faad-2b06-4349-ac04-2dd85dfd663f","ParentWorkflowIdentifier":"74875468-5ce9-4381-a56c-593c82d81f85","Name":"AsyncActionTimeout","Value":"86400"},{"ParentStepIdentifier":"cb39faad-2b06-4349-ac04-2dd85dfd663f","ParentWorkflowIdentifier":"74875468-5ce9-4381-a56c-593c82d81f85","Name":"AsyncPollingInterval","Value":"3600"},{"ParentStepIdentifier":"cb39faad-2b06-4349-ac04-2dd85dfd663f","ParentWorkflowIdentifier":"74875468-5ce9-4381-a56c-593c82d81f85","Name":"DynamicInjectionInstancePlaceholder","Value":""},{"ParentStepIdentifier":"cb39faad-2b06-4349-ac04-2dd85dfd663f","ParentWorkflowIdentifier":"74875468-5ce9-4381-a56c-593c82d81f85","Name":"FallbackIntegrationInstance","Value":null},{"ParentStepIdentifier":"cb39faad-2b06-4349-ac04-2dd85dfd663f","ParentWorkflowIdentifier":"74875468-5ce9-4381-a56c-593c82d81f85","Name":"FetchInstanceByName","Value":"false"},{"ParentStepIdentifier":"cb39faad-2b06-4349-ac04-2dd85dfd663f","ParentWorkflowIdentifier":"74875468-5ce9-4381-a56c-593c82d81f85","Name":"HasApprovalLink","Value":null},{"ParentStepIdentifier":"cb39faad-2b06-4349-ac04-2dd85dfd663f","ParentWorkflowIdentifier":"74875468-5ce9-4381-a56c-593c82d81f85","Name":"IntegrationInstance","Value":"567ed428-d323-4e4d-b9a3-60d9a6948172"},{"ParentStepIdentifier":"cb39faad-2b06-4349-ac04-2dd85dfd663f","ParentWorkflowIdentifier":"74875468-5ce9-4381-a56c-593c82d81f85","Name":"MessageToAssignee","Value":null},{"ParentStepIdentifier":"cb39faad-2b06-4349-ac04-2dd85dfd663f","ParentWorkflowIdentifier":"74875468-5ce9-4381-a56c-593c82d81f85","Name":"PendingActionTimeout","Value":null},{"ParentStepIdentifier":"cb39faad-2b06-4349-ac04-2dd85dfd663f","ParentWorkflowIdentifier":"74875468-5ce9-4381-a56c-593c82d81f85","Name":"ScriptName","Value":"Siemplify_Change Case Stage"},{"ParentStepIdentifier":"cb39faad-2b06-4349-ac04-2dd85dfd663f","ParentWorkflowIdentifier":"74875468-5ce9-4381-a56c-593c82d81f85","Name":"ScriptParametersEntityFields","Value":"{\"Stage\":\"Investigation\"}"},{"ParentStepIdentifier":"cb39faad-2b06-4349-ac04-2dd85dfd663f","ParentWorkflowIdentifier":"74875468-5ce9-4381-a56c-593c82d81f85","Name":"SelectedScopeName","Value":"All entities"}],"AutoSkipOnFailure":false,"IsDebugMockData":false,"StepDebugData":{"CreationTimeUnixTimeInMs":0,"ModificationTimeUnixTimeInMs":0,"OriginalWorkflowIdentifier":"74875468-5ce9-4381-a56c-593c82d81f85","OriginalStepIdentifier":"cb39faad-2b06-4349-ac04-2dd85dfd663f","ResultValue":"","ResultJson":"","ScopeEntitiesEnrichmentData":[],"ScopeEntitiesEnrichmentDataJson":"[]"},"ParentStepContainerId":null,"IsTouchedByAi":false,"ParallelActions":[]},{"Identifier":"f03c9e88-b4a0-4e2b-b995-eb1988f8e874","OriginalStepIdentifier":"f03c9e88-b4a0-4e2b-b995-eb1988f8e874","ParentWorkflowIdentifier":"74875468-5ce9-4381-a56c-593c82d81f85","ParentStepIdentifiers":["70d657b2-167d-4396-bd72-2eca882f4bc9"],"ParentStepIdentifier":"70d657b2-167d-4396-bd72-2eca882f4bc9","PreviousResultCondition":"{}","InstanceName":"Add Note Host","IsAutomatic":true,"Name":"VectraRUX_Add Note","IsSkippable":false,"Description":"Adding hyperlink to the Host","ActionProvider":"Scripts","ActionName":"VectraRUX_Add Note","Type":0,"Integration":"VectraRUX","Parameters":[{"ParentStepIdentifier":"f03c9e88-b4a0-4e2b-b995-eb1988f8e874","ParentWorkflowIdentifier":"74875468-5ce9-4381-a56c-593c82d81f85","Name":"AssignedUsers","Value":null},{"ParentStepIdentifier":"f03c9e88-b4a0-4e2b-b995-eb1988f8e874","ParentWorkflowIdentifier":"74875468-5ce9-4381-a56c-593c82d81f85","Name":"AsyncActionTimeout","Value":"86400"},{"ParentStepIdentifier":"f03c9e88-b4a0-4e2b-b995-eb1988f8e874","ParentWorkflowIdentifier":"74875468-5ce9-4381-a56c-593c82d81f85","Name":"AsyncPollingInterval","Value":"3600"},{"ParentStepIdentifier":"f03c9e88-b4a0-4e2b-b995-eb1988f8e874","ParentWorkflowIdentifier":"74875468-5ce9-4381-a56c-593c82d81f85","Name":"DynamicInjectionInstancePlaceholder","Value":""},{"ParentStepIdentifier":"f03c9e88-b4a0-4e2b-b995-eb1988f8e874","ParentWorkflowIdentifier":"74875468-5ce9-4381-a56c-593c82d81f85","Name":"FallbackIntegrationInstance","Value":null},{"ParentStepIdentifier":"f03c9e88-b4a0-4e2b-b995-eb1988f8e874","ParentWorkflowIdentifier":"74875468-5ce9-4381-a56c-593c82d81f85","Name":"FetchInstanceByName","Value":"false"},{"ParentStepIdentifier":"f03c9e88-b4a0-4e2b-b995-eb1988f8e874","ParentWorkflowIdentifier":"74875468-5ce9-4381-a56c-593c82d81f85","Name":"HasApprovalLink","Value":null},{"ParentStepIdentifier":"f03c9e88-b4a0-4e2b-b995-eb1988f8e874","ParentWorkflowIdentifier":"74875468-5ce9-4381-a56c-593c82d81f85","Name":"IntegrationInstance","Value":"5f0be264-7933-4bb3-9c90-a945bf361a2f"},{"ParentStepIdentifier":"f03c9e88-b4a0-4e2b-b995-eb1988f8e874","ParentWorkflowIdentifier":"74875468-5ce9-4381-a56c-593c82d81f85","Name":"MessageToAssignee","Value":null},{"ParentStepIdentifier":"f03c9e88-b4a0-4e2b-b995-eb1988f8e874","ParentWorkflowIdentifier":"74875468-5ce9-4381-a56c-593c82d81f85","Name":"PendingActionTimeout","Value":null},{"ParentStepIdentifier":"f03c9e88-b4a0-4e2b-b995-eb1988f8e874","ParentWorkflowIdentifier":"74875468-5ce9-4381-a56c-593c82d81f85","Name":"ScriptName","Value":"VectraRUX_Add Note"},{"ParentStepIdentifier":"f03c9e88-b4a0-4e2b-b995-eb1988f8e874","ParentWorkflowIdentifier":"74875468-5ce9-4381-a56c-593c82d81f85","Name":"ScriptParametersEntityFields","Value":"{\"Note\":\"[Explore Case](https://vctrr.backstory.chronicle.security/cases/[Case.Id])\",\"Entity ID\":\"[Alert.Id]\",\"Entity Type\":\"Host\"}"},{"ParentStepIdentifier":"f03c9e88-b4a0-4e2b-b995-eb1988f8e874","ParentWorkflowIdentifier":"74875468-5ce9-4381-a56c-593c82d81f85","Name":"SelectedScopeName","Value":"All entities"}],"AutoSkipOnFailure":false,"IsDebugMockData":false,"StepDebugData":null,"ParentStepContainerId":null,"IsTouchedByAi":false,"ParallelActions":[]}],"Triggers":[{"Identifier":"166af102-f632-4d6d-92b4-ae6da42b286f","IsEnabled":true,"DefinitionIdentifier":"74875468-5ce9-4381-a56c-593c82d81f85","Type":10,"WorkflowName":null,"LogicalOperator":0,"Conditions":[{"FieldName":"[Alert.Product]","MatchType":0,"Value":"Vectra RUX"}],"Environments":["Default Environment"]}],"OverviewTemplates":[],"Permissions":[],"Environments":["Default Environment"]}}