{"CategoryName":"Imported Playbooks","OverviewTemplatesDetails":[],"WidgetTemplates":[],"Definition":{"Identifier":"9645f571-e71c-47a7-be5c-ace3a94f7a71","IsEnable":true,"Version":0.0,"IsArchived":false,"IsAutomatic":true,"Name":"Vectra QUX - Resolve Case Playbook","Category":8,"Description":"This playbook triages detections in Vectra QUX based on entity type, gathers manual input for resolution, and updates the entity and case status. It marks detections as fixed, adds a closure note to Vectra, and closes the case in SOAR.","Priority":2,"Creator":"f526e018-f7b1-4a83-a5c2-9d2d9535c4a8","VersionCreator":null,"VersionComment":null,"OriginalWorkflowIdentifier":"9645f571-e71c-47a7-be5c-ace3a94f7a71","TemplateName":null,"PlaybookType":0,"IsDebugMode":false,"DebugBaseAlertIdentifier":null,"DebugAlertIdentifier":null,"SimulationClone":false,"DefaultAccessLevel":2,"Steps":[{"Identifier":"0bf46ca7-ce11-4e2f-a530-08ca6d31c883","OriginalStepIdentifier":"0bf46ca7-ce11-4e2f-a530-08ca6d31c883","ParentWorkflowIdentifier":"9645f571-e71c-47a7-be5c-ace3a94f7a71","ParentStepIdentifiers":["92f6d56e-f085-44a6-83e1-cb936b1d78c3"],"ParentStepIdentifier":"92f6d56e-f085-44a6-83e1-cb936b1d78c3","PreviousResultCondition":"{}","InstanceName":"Account Resolve Assignment","IsAutomatic":false,"Name":"VectraQUX_Resolve Assignment","IsSkippable":false,"Description":"The goal of this action is to be able resolve assignment for the account.","ActionProvider":"Scripts","ActionName":"VectraQUX_Resolve Assignment","Type":0,"Integration":"VectraQUX","Parameters":[{"ParentStepIdentifier":"0bf46ca7-ce11-4e2f-a530-08ca6d31c883","ParentWorkflowIdentifier":"9645f571-e71c-47a7-be5c-ace3a94f7a71","Name":"AssignedUsers","Value":null},{"ParentStepIdentifier":"0bf46ca7-ce11-4e2f-a530-08ca6d31c883","ParentWorkflowIdentifier":"9645f571-e71c-47a7-be5c-ace3a94f7a71","Name":"AsyncActionTimeout","Value":"86400"},{"ParentStepIdentifier":"0bf46ca7-ce11-4e2f-a530-08ca6d31c883","ParentWorkflowIdentifier":"9645f571-e71c-47a7-be5c-ace3a94f7a71","Name":"AsyncPollingInterval","Value":"3600"},{"ParentStepIdentifier":"0bf46ca7-ce11-4e2f-a530-08ca6d31c883","ParentWorkflowIdentifier":"9645f571-e71c-47a7-be5c-ace3a94f7a71","Name":"DynamicInjectionInstancePlaceholder","Value":""},{"ParentStepIdentifier":"0bf46ca7-ce11-4e2f-a530-08ca6d31c883","ParentWorkflowIdentifier":"9645f571-e71c-47a7-be5c-ace3a94f7a71","Name":"FallbackIntegrationInstance","Value":null},{"ParentStepIdentifier":"0bf46ca7-ce11-4e2f-a530-08ca6d31c883","ParentWorkflowIdentifier":"9645f571-e71c-47a7-be5c-ace3a94f7a71","Name":"FetchInstanceByName","Value":"false"},{"ParentStepIdentifier":"0bf46ca7-ce11-4e2f-a530-08ca6d31c883","ParentWorkflowIdentifier":"9645f571-e71c-47a7-be5c-ace3a94f7a71","Name":"HasApprovalLink","Value":"true"},{"ParentStepIdentifier":"0bf46ca7-ce11-4e2f-a530-08ca6d31c883","ParentWorkflowIdentifier":"9645f571-e71c-47a7-be5c-ace3a94f7a71","Name":"IntegrationInstance","Value":"3fab9106-1024-4521-848e-26f63936f4c8"},{"ParentStepIdentifier":"0bf46ca7-ce11-4e2f-a530-08ca6d31c883","ParentWorkflowIdentifier":"9645f571-e71c-47a7-be5c-ace3a94f7a71","Name":"MessageToAssignee","Value":null},{"ParentStepIdentifier":"0bf46ca7-ce11-4e2f-a530-08ca6d31c883","ParentWorkflowIdentifier":"9645f571-e71c-47a7-be5c-ace3a94f7a71","Name":"PendingActionTimeout","Value":null},{"ParentStepIdentifier":"0bf46ca7-ce11-4e2f-a530-08ca6d31c883","ParentWorkflowIdentifier":"9645f571-e71c-47a7-be5c-ace3a94f7a71","Name":"ScriptName","Value":"VectraQUX_Resolve Assignment"},{"ParentStepIdentifier":"0bf46ca7-ce11-4e2f-a530-08ca6d31c883","ParentWorkflowIdentifier":"9645f571-e71c-47a7-be5c-ace3a94f7a71","Name":"ScriptParametersEntityFields","Value":"{\"Outcome ID\":\"1\",\"Note Title\":\" Note\",\"Triage As\":\"  csoar - [Case.Id]\",\"Detection IDs\":\"[Account List Detection.JsonResult| filter(\\\"is_triaged\\\", \\\"=\\\", \\\"false\\\") | \\\"id\\\"]\\n\",\"Assignment ID\":\"[Account List Assignment.JsonResult| filter(\\\"date_resolved\\\", \\\"=\\\", \\\"\\\") | \\\"id\\\"]\"}"},{"ParentStepIdentifier":"0bf46ca7-ce11-4e2f-a530-08ca6d31c883","ParentWorkflowIdentifier":"9645f571-e71c-47a7-be5c-ace3a94f7a71","Name":"SelectedScopeName","Value":"All entities"}],"AutoSkipOnFailure":false,"IsDebugMockData":false,"StepDebugData":null,"ParentStepContainerId":null,"IsTouchedByAi":false,"ParallelActions":[]},{"Identifier":"2f19fa86-f63b-4c95-9576-aa8d6205ba03","OriginalStepIdentifier":"2f19fa86-f63b-4c95-9576-aa8d6205ba03","ParentWorkflowIdentifier":"9645f571-e71c-47a7-be5c-ace3a94f7a71","ParentStepIdentifiers":["949a0d8b-0baf-4bd8-957e-57ad0b316b12","a3b68901-2883-4388-872e-2e286b058f59"],"ParentStepIdentifier":"949a0d8b-0baf-4bd8-957e-57ad0b316b12;a3b68901-2883-4388-872e-2e286b058f59","PreviousResultCondition":"{}","InstanceName":"Detection Found?","IsAutomatic":true,"Name":"Condition","IsSkippable":false,"Description":"Checking the detection id's found or not?","ActionProvider":"Flow","ActionName":"IfFlowCondition","Type":4,"Integration":"Flow","Parameters":[{"ParentStepIdentifier":"2f19fa86-f63b-4c95-9576-aa8d6205ba03","ParentWorkflowIdentifier":"9645f571-e71c-47a7-be5c-ace3a94f7a71","Name":"AssignedUsers","Value":null},{"ParentStepIdentifier":"2f19fa86-f63b-4c95-9576-aa8d6205ba03","ParentWorkflowIdentifier":"9645f571-e71c-47a7-be5c-ace3a94f7a71","Name":"Branches","Value":"[{\"LogicalOperator\":0,\"Conditions\":[{\"Operator\":8,\"FieldName\":\"[Host List Detection.JsonResult| \\\"id\\\"]\",\"Type\":2,\"Value\":\"\"},{\"Operator\":0,\"FieldName\":\"[Alert.entity_type]\",\"Type\":2,\"Value\":\"host\"}],\"Order\":1,\"IsDefaultBranch\":false,\"Name\":\"Detection Found & Host\"},{\"LogicalOperator\":0,\"Conditions\":[],\"Order\":3,\"IsDefaultBranch\":true,\"Name\":\"Branch\"},{\"LogicalOperator\":0,\"Conditions\":[{\"Operator\":8,\"FieldName\":\"[Account List Detection.JsonResult| \\\"id\\\"]\",\"Type\":2,\"Value\":\"\"},{\"Operator\":0,\"FieldName\":\"[Alert.entity_type]\",\"Type\":2,\"Value\":\"account\"}],\"Order\":2,\"IsDefaultBranch\":false,\"Name\":\"Detection Found & Account\"}]"},{"ParentStepIdentifier":"2f19fa86-f63b-4c95-9576-aa8d6205ba03","ParentWorkflowIdentifier":"9645f571-e71c-47a7-be5c-ace3a94f7a71","Name":"DynamicInjectionInstancePlaceholder","Value":null},{"ParentStepIdentifier":"2f19fa86-f63b-4c95-9576-aa8d6205ba03","ParentWorkflowIdentifier":"9645f571-e71c-47a7-be5c-ace3a94f7a71","Name":"ErrorFallbackBranch","Value":null},{"ParentStepIdentifier":"2f19fa86-f63b-4c95-9576-aa8d6205ba03","ParentWorkflowIdentifier":"9645f571-e71c-47a7-be5c-ace3a94f7a71","Name":"FetchInstanceByName","Value":null},{"ParentStepIdentifier":"2f19fa86-f63b-4c95-9576-aa8d6205ba03","ParentWorkflowIdentifier":"9645f571-e71c-47a7-be5c-ace3a94f7a71","Name":"HasApprovalLink","Value":null},{"ParentStepIdentifier":"2f19fa86-f63b-4c95-9576-aa8d6205ba03","ParentWorkflowIdentifier":"9645f571-e71c-47a7-be5c-ace3a94f7a71","Name":"MessageToAssignee","Value":null},{"ParentStepIdentifier":"2f19fa86-f63b-4c95-9576-aa8d6205ba03","ParentWorkflowIdentifier":"9645f571-e71c-47a7-be5c-ace3a94f7a71","Name":"PendingActionTimeout","Value":null},{"ParentStepIdentifier":"2f19fa86-f63b-4c95-9576-aa8d6205ba03","ParentWorkflowIdentifier":"9645f571-e71c-47a7-be5c-ace3a94f7a71","Name":"SelectedScopeName","Value":"All entities"}],"AutoSkipOnFailure":false,"IsDebugMockData":false,"StepDebugData":null,"ParentStepContainerId":null,"IsTouchedByAi":false,"ParallelActions":[]},{"Identifier":"3819b9b2-3a7e-4d84-b7c1-02e8ad708781","OriginalStepIdentifier":"3819b9b2-3a7e-4d84-b7c1-02e8ad708781","ParentWorkflowIdentifier":"9645f571-e71c-47a7-be5c-ace3a94f7a71","ParentStepIdentifiers":["2f19fa86-f63b-4c95-9576-aa8d6205ba03"],"ParentStepIdentifier":"2f19fa86-f63b-4c95-9576-aa8d6205ba03","PreviousResultCondition":"{\n  \"2f19fa86-f63b-4c95-9576-aa8d6205ba03\": \"1\"\n}","InstanceName":"Host List Assignment","IsAutomatic":true,"Name":"VectraQUX_List Assignments","IsSkippable":false,"Description":"Listing the assignment to get the assignment ID for  host","ActionProvider":"Scripts","ActionName":"VectraQUX_List Assignments","Type":0,"Integration":"VectraQUX","Parameters":[{"ParentStepIdentifier":"3819b9b2-3a7e-4d84-b7c1-02e8ad708781","ParentWorkflowIdentifier":"9645f571-e71c-47a7-be5c-ace3a94f7a71","Name":"AssignedUsers","Value":null},{"ParentStepIdentifier":"3819b9b2-3a7e-4d84-b7c1-02e8ad708781","ParentWorkflowIdentifier":"9645f571-e71c-47a7-be5c-ace3a94f7a71","Name":"AsyncActionTimeout","Value":"86400"},{"ParentStepIdentifier":"3819b9b2-3a7e-4d84-b7c1-02e8ad708781","ParentWorkflowIdentifier":"9645f571-e71c-47a7-be5c-ace3a94f7a71","Name":"AsyncPollingInterval","Value":"3600"},{"ParentStepIdentifier":"3819b9b2-3a7e-4d84-b7c1-02e8ad708781","ParentWorkflowIdentifier":"9645f571-e71c-47a7-be5c-ace3a94f7a71","Name":"DynamicInjectionInstancePlaceholder","Value":""},{"ParentStepIdentifier":"3819b9b2-3a7e-4d84-b7c1-02e8ad708781","ParentWorkflowIdentifier":"9645f571-e71c-47a7-be5c-ace3a94f7a71","Name":"FallbackIntegrationInstance","Value":null},{"ParentStepIdentifier":"3819b9b2-3a7e-4d84-b7c1-02e8ad708781","ParentWorkflowIdentifier":"9645f571-e71c-47a7-be5c-ace3a94f7a71","Name":"FetchInstanceByName","Value":"false"},{"ParentStepIdentifier":"3819b9b2-3a7e-4d84-b7c1-02e8ad708781","ParentWorkflowIdentifier":"9645f571-e71c-47a7-be5c-ace3a94f7a71","Name":"HasApprovalLink","Value":null},{"ParentStepIdentifier":"3819b9b2-3a7e-4d84-b7c1-02e8ad708781","ParentWorkflowIdentifier":"9645f571-e71c-47a7-be5c-ace3a94f7a71","Name":"IntegrationInstance","Value":"3fab9106-1024-4521-848e-26f63936f4c8"},{"ParentStepIdentifier":"3819b9b2-3a7e-4d84-b7c1-02e8ad708781","ParentWorkflowIdentifier":"9645f571-e71c-47a7-be5c-ace3a94f7a71","Name":"MessageToAssignee","Value":null},{"ParentStepIdentifier":"3819b9b2-3a7e-4d84-b7c1-02e8ad708781","ParentWorkflowIdentifier":"9645f571-e71c-47a7-be5c-ace3a94f7a71","Name":"PendingActionTimeout","Value":null},{"ParentStepIdentifier":"3819b9b2-3a7e-4d84-b7c1-02e8ad708781","ParentWorkflowIdentifier":"9645f571-e71c-47a7-be5c-ace3a94f7a71","Name":"ScriptName","Value":"VectraQUX_List Assignments"},{"ParentStepIdentifier":"3819b9b2-3a7e-4d84-b7c1-02e8ad708781","ParentWorkflowIdentifier":"9645f571-e71c-47a7-be5c-ace3a94f7a71","Name":"ScriptParametersEntityFields","Value":"{\"Accounts IDs\":\"\",\"Hosts IDs\":\"[Alert.Id]\",\"Assignees IDs\":\"\",\"Resolution IDs\":\"\",\"Resolved\":\"None\",\"Created After\":\"\",\"Limit\":\"\"}"},{"ParentStepIdentifier":"3819b9b2-3a7e-4d84-b7c1-02e8ad708781","ParentWorkflowIdentifier":"9645f571-e71c-47a7-be5c-ace3a94f7a71","Name":"SelectedScopeName","Value":"All entities"}],"AutoSkipOnFailure":false,"IsDebugMockData":false,"StepDebugData":null,"ParentStepContainerId":null,"IsTouchedByAi":false,"ParallelActions":[]},{"Identifier":"6bdb7de5-d001-4c43-bea3-172062d76d11","OriginalStepIdentifier":"6bdb7de5-d001-4c43-bea3-172062d76d11","ParentWorkflowIdentifier":"9645f571-e71c-47a7-be5c-ace3a94f7a71","ParentStepIdentifiers":["0bf46ca7-ce11-4e2f-a530-08ca6d31c883"],"ParentStepIdentifier":"0bf46ca7-ce11-4e2f-a530-08ca6d31c883","PreviousResultCondition":"{}","InstanceName":"Account Mark Detection FIxed","IsAutomatic":true,"Name":"VectraQUX_Mark Detection Fixed","IsSkippable":false,"Description":"The goal of this action is to be able to set given detections as fixed.","ActionProvider":"Scripts","ActionName":"VectraQUX_Mark Detection Fixed","Type":0,"Integration":"VectraQUX","Parameters":[{"ParentStepIdentifier":"6bdb7de5-d001-4c43-bea3-172062d76d11","ParentWorkflowIdentifier":"9645f571-e71c-47a7-be5c-ace3a94f7a71","Name":"AssignedUsers","Value":null},{"ParentStepIdentifier":"6bdb7de5-d001-4c43-bea3-172062d76d11","ParentWorkflowIdentifier":"9645f571-e71c-47a7-be5c-ace3a94f7a71","Name":"AsyncActionTimeout","Value":"86400"},{"ParentStepIdentifier":"6bdb7de5-d001-4c43-bea3-172062d76d11","ParentWorkflowIdentifier":"9645f571-e71c-47a7-be5c-ace3a94f7a71","Name":"AsyncPollingInterval","Value":"3600"},{"ParentStepIdentifier":"6bdb7de5-d001-4c43-bea3-172062d76d11","ParentWorkflowIdentifier":"9645f571-e71c-47a7-be5c-ace3a94f7a71","Name":"DynamicInjectionInstancePlaceholder","Value":""},{"ParentStepIdentifier":"6bdb7de5-d001-4c43-bea3-172062d76d11","ParentWorkflowIdentifier":"9645f571-e71c-47a7-be5c-ace3a94f7a71","Name":"FallbackIntegrationInstance","Value":null},{"ParentStepIdentifier":"6bdb7de5-d001-4c43-bea3-172062d76d11","ParentWorkflowIdentifier":"9645f571-e71c-47a7-be5c-ace3a94f7a71","Name":"FetchInstanceByName","Value":"false"},{"ParentStepIdentifier":"6bdb7de5-d001-4c43-bea3-172062d76d11","ParentWorkflowIdentifier":"9645f571-e71c-47a7-be5c-ace3a94f7a71","Name":"HasApprovalLink","Value":null},{"ParentStepIdentifier":"6bdb7de5-d001-4c43-bea3-172062d76d11","ParentWorkflowIdentifier":"9645f571-e71c-47a7-be5c-ace3a94f7a71","Name":"IntegrationInstance","Value":"3fab9106-1024-4521-848e-26f63936f4c8"},{"ParentStepIdentifier":"6bdb7de5-d001-4c43-bea3-172062d76d11","ParentWorkflowIdentifier":"9645f571-e71c-47a7-be5c-ace3a94f7a71","Name":"MessageToAssignee","Value":null},{"ParentStepIdentifier":"6bdb7de5-d001-4c43-bea3-172062d76d11","ParentWorkflowIdentifier":"9645f571-e71c-47a7-be5c-ace3a94f7a71","Name":"PendingActionTimeout","Value":null},{"ParentStepIdentifier":"6bdb7de5-d001-4c43-bea3-172062d76d11","ParentWorkflowIdentifier":"9645f571-e71c-47a7-be5c-ace3a94f7a71","Name":"ScriptName","Value":"VectraQUX_Mark Detection Fixed"},{"ParentStepIdentifier":"6bdb7de5-d001-4c43-bea3-172062d76d11","ParentWorkflowIdentifier":"9645f571-e71c-47a7-be5c-ace3a94f7a71","Name":"ScriptParametersEntityFields","Value":"{\"Detection IDs\":\"[Account List Detection.JsonResult| filter(\\\"is_triaged\\\", \\\"=\\\", \\\"false\\\") | \\\"id\\\"]\"}"},{"ParentStepIdentifier":"6bdb7de5-d001-4c43-bea3-172062d76d11","ParentWorkflowIdentifier":"9645f571-e71c-47a7-be5c-ace3a94f7a71","Name":"SelectedScopeName","Value":"All entities"}],"AutoSkipOnFailure":false,"IsDebugMockData":false,"StepDebugData":null,"ParentStepContainerId":null,"IsTouchedByAi":false,"ParallelActions":[]},{"Identifier":"8eb8ba86-b55f-4656-bd88-7b7ccadb1ff1","OriginalStepIdentifier":"8eb8ba86-b55f-4656-bd88-7b7ccadb1ff1","ParentWorkflowIdentifier":"9645f571-e71c-47a7-be5c-ace3a94f7a71","ParentStepIdentifiers":["e916dbb6-7056-410e-b8f9-80b3580f3727"],"ParentStepIdentifier":"e916dbb6-7056-410e-b8f9-80b3580f3727","PreviousResultCondition":"{}","InstanceName":"Host Add Note","IsAutomatic":false,"Name":"VectraQUX_Add Note","IsSkippable":false,"Description":"Adding a note to host","ActionProvider":"Scripts","ActionName":"VectraQUX_Add Note","Type":0,"Integration":"VectraQUX","Parameters":[{"ParentStepIdentifier":"8eb8ba86-b55f-4656-bd88-7b7ccadb1ff1","ParentWorkflowIdentifier":"9645f571-e71c-47a7-be5c-ace3a94f7a71","Name":"AssignedUsers","Value":null},{"ParentStepIdentifier":"8eb8ba86-b55f-4656-bd88-7b7ccadb1ff1","ParentWorkflowIdentifier":"9645f571-e71c-47a7-be5c-ace3a94f7a71","Name":"AsyncActionTimeout","Value":"86400"},{"ParentStepIdentifier":"8eb8ba86-b55f-4656-bd88-7b7ccadb1ff1","ParentWorkflowIdentifier":"9645f571-e71c-47a7-be5c-ace3a94f7a71","Name":"AsyncPollingInterval","Value":"3600"},{"ParentStepIdentifier":"8eb8ba86-b55f-4656-bd88-7b7ccadb1ff1","ParentWorkflowIdentifier":"9645f571-e71c-47a7-be5c-ace3a94f7a71","Name":"DynamicInjectionInstancePlaceholder","Value":""},{"ParentStepIdentifier":"8eb8ba86-b55f-4656-bd88-7b7ccadb1ff1","ParentWorkflowIdentifier":"9645f571-e71c-47a7-be5c-ace3a94f7a71","Name":"FallbackIntegrationInstance","Value":null},{"ParentStepIdentifier":"8eb8ba86-b55f-4656-bd88-7b7ccadb1ff1","ParentWorkflowIdentifier":"9645f571-e71c-47a7-be5c-ace3a94f7a71","Name":"FetchInstanceByName","Value":"false"},{"ParentStepIdentifier":"8eb8ba86-b55f-4656-bd88-7b7ccadb1ff1","ParentWorkflowIdentifier":"9645f571-e71c-47a7-be5c-ace3a94f7a71","Name":"HasApprovalLink","Value":"true"},{"ParentStepIdentifier":"8eb8ba86-b55f-4656-bd88-7b7ccadb1ff1","ParentWorkflowIdentifier":"9645f571-e71c-47a7-be5c-ace3a94f7a71","Name":"IntegrationInstance","Value":"3fab9106-1024-4521-848e-26f63936f4c8"},{"ParentStepIdentifier":"8eb8ba86-b55f-4656-bd88-7b7ccadb1ff1","ParentWorkflowIdentifier":"9645f571-e71c-47a7-be5c-ace3a94f7a71","Name":"MessageToAssignee","Value":null},{"ParentStepIdentifier":"8eb8ba86-b55f-4656-bd88-7b7ccadb1ff1","ParentWorkflowIdentifier":"9645f571-e71c-47a7-be5c-ace3a94f7a71","Name":"PendingActionTimeout","Value":null},{"ParentStepIdentifier":"8eb8ba86-b55f-4656-bd88-7b7ccadb1ff1","ParentWorkflowIdentifier":"9645f571-e71c-47a7-be5c-ace3a94f7a71","Name":"ScriptName","Value":"VectraQUX_Add Note"},{"ParentStepIdentifier":"8eb8ba86-b55f-4656-bd88-7b7ccadb1ff1","ParentWorkflowIdentifier":"9645f571-e71c-47a7-be5c-ace3a94f7a71","Name":"ScriptParametersEntityFields","Value":"{\"Note\":\"Case has been closed for host [Alert.Id]\",\"Entity ID\":\"[Alert.Id]\",\"Entity Type\":\"Host\"}"},{"ParentStepIdentifier":"8eb8ba86-b55f-4656-bd88-7b7ccadb1ff1","ParentWorkflowIdentifier":"9645f571-e71c-47a7-be5c-ace3a94f7a71","Name":"SelectedScopeName","Value":"All entities"}],"AutoSkipOnFailure":false,"IsDebugMockData":false,"StepDebugData":{"CreationTimeUnixTimeInMs":0,"ModificationTimeUnixTimeInMs":0,"OriginalWorkflowIdentifier":"9645f571-e71c-47a7-be5c-ace3a94f7a71","OriginalStepIdentifier":"8eb8ba86-b55f-4656-bd88-7b7ccadb1ff1","ResultValue":"","ResultJson":"","ScopeEntitiesEnrichmentData":[],"ScopeEntitiesEnrichmentDataJson":"[]"},"ParentStepContainerId":null,"IsTouchedByAi":false,"ParallelActions":[]},{"Identifier":"92f6d56e-f085-44a6-83e1-cb936b1d78c3","OriginalStepIdentifier":"92f6d56e-f085-44a6-83e1-cb936b1d78c3","ParentWorkflowIdentifier":"9645f571-e71c-47a7-be5c-ace3a94f7a71","ParentStepIdentifiers":["2f19fa86-f63b-4c95-9576-aa8d6205ba03"],"ParentStepIdentifier":"2f19fa86-f63b-4c95-9576-aa8d6205ba03","PreviousResultCondition":"{\n  \"2f19fa86-f63b-4c95-9576-aa8d6205ba03\": \"2\"\n}","InstanceName":"Account List Assignment","IsAutomatic":true,"Name":"VectraQUX_List Assignments","IsSkippable":false,"Description":"Listing the assignment to get the assignment ID for Account","ActionProvider":"Scripts","ActionName":"VectraQUX_List Assignments","Type":0,"Integration":"VectraQUX","Parameters":[{"ParentStepIdentifier":"92f6d56e-f085-44a6-83e1-cb936b1d78c3","ParentWorkflowIdentifier":"9645f571-e71c-47a7-be5c-ace3a94f7a71","Name":"AssignedUsers","Value":null},{"ParentStepIdentifier":"92f6d56e-f085-44a6-83e1-cb936b1d78c3","ParentWorkflowIdentifier":"9645f571-e71c-47a7-be5c-ace3a94f7a71","Name":"AsyncActionTimeout","Value":"86400"},{"ParentStepIdentifier":"92f6d56e-f085-44a6-83e1-cb936b1d78c3","ParentWorkflowIdentifier":"9645f571-e71c-47a7-be5c-ace3a94f7a71","Name":"AsyncPollingInterval","Value":"3600"},{"ParentStepIdentifier":"92f6d56e-f085-44a6-83e1-cb936b1d78c3","ParentWorkflowIdentifier":"9645f571-e71c-47a7-be5c-ace3a94f7a71","Name":"DynamicInjectionInstancePlaceholder","Value":""},{"ParentStepIdentifier":"92f6d56e-f085-44a6-83e1-cb936b1d78c3","ParentWorkflowIdentifier":"9645f571-e71c-47a7-be5c-ace3a94f7a71","Name":"FallbackIntegrationInstance","Value":null},{"ParentStepIdentifier":"92f6d56e-f085-44a6-83e1-cb936b1d78c3","ParentWorkflowIdentifier":"9645f571-e71c-47a7-be5c-ace3a94f7a71","Name":"FetchInstanceByName","Value":"false"},{"ParentStepIdentifier":"92f6d56e-f085-44a6-83e1-cb936b1d78c3","ParentWorkflowIdentifier":"9645f571-e71c-47a7-be5c-ace3a94f7a71","Name":"HasApprovalLink","Value":null},{"ParentStepIdentifier":"92f6d56e-f085-44a6-83e1-cb936b1d78c3","ParentWorkflowIdentifier":"9645f571-e71c-47a7-be5c-ace3a94f7a71","Name":"IntegrationInstance","Value":"3fab9106-1024-4521-848e-26f63936f4c8"},{"ParentStepIdentifier":"92f6d56e-f085-44a6-83e1-cb936b1d78c3","ParentWorkflowIdentifier":"9645f571-e71c-47a7-be5c-ace3a94f7a71","Name":"MessageToAssignee","Value":null},{"ParentStepIdentifier":"92f6d56e-f085-44a6-83e1-cb936b1d78c3","ParentWorkflowIdentifier":"9645f571-e71c-47a7-be5c-ace3a94f7a71","Name":"PendingActionTimeout","Value":null},{"ParentStepIdentifier":"92f6d56e-f085-44a6-83e1-cb936b1d78c3","ParentWorkflowIdentifier":"9645f571-e71c-47a7-be5c-ace3a94f7a71","Name":"ScriptName","Value":"VectraQUX_List Assignments"},{"ParentStepIdentifier":"92f6d56e-f085-44a6-83e1-cb936b1d78c3","ParentWorkflowIdentifier":"9645f571-e71c-47a7-be5c-ace3a94f7a71","Name":"ScriptParametersEntityFields","Value":"{\"Accounts IDs\":\"[Alert.Id]\",\"Hosts IDs\":\"\",\"Assignees IDs\":\"\",\"Resolution IDs\":\"\",\"Resolved\":\"None\",\"Created After\":\"\",\"Limit\":\"\"}"},{"ParentStepIdentifier":"92f6d56e-f085-44a6-83e1-cb936b1d78c3","ParentWorkflowIdentifier":"9645f571-e71c-47a7-be5c-ace3a94f7a71","Name":"SelectedScopeName","Value":"All entities"}],"AutoSkipOnFailure":false,"IsDebugMockData":false,"StepDebugData":null,"ParentStepContainerId":null,"IsTouchedByAi":false,"ParallelActions":[]},{"Identifier":"949a0d8b-0baf-4bd8-957e-57ad0b316b12","OriginalStepIdentifier":"949a0d8b-0baf-4bd8-957e-57ad0b316b12","ParentWorkflowIdentifier":"9645f571-e71c-47a7-be5c-ace3a94f7a71","ParentStepIdentifiers":["d282f35a-ad54-486a-b821-d958d84b76b3"],"ParentStepIdentifier":"d282f35a-ad54-486a-b821-d958d84b76b3","PreviousResultCondition":"{\n  \"d282f35a-ad54-486a-b821-d958d84b76b3\": \"1\"\n}","InstanceName":"Account List Detection","IsAutomatic":true,"Name":"VectraQUX_List Entity Detections","IsSkippable":false,"Description":"List all detections from given Account id","ActionProvider":"Scripts","ActionName":"VectraQUX_List Entity Detections","Type":0,"Integration":"VectraQUX","Parameters":[{"ParentStepIdentifier":"949a0d8b-0baf-4bd8-957e-57ad0b316b12","ParentWorkflowIdentifier":"9645f571-e71c-47a7-be5c-ace3a94f7a71","Name":"AssignedUsers","Value":null},{"ParentStepIdentifier":"949a0d8b-0baf-4bd8-957e-57ad0b316b12","ParentWorkflowIdentifier":"9645f571-e71c-47a7-be5c-ace3a94f7a71","Name":"AsyncActionTimeout","Value":"86400"},{"ParentStepIdentifier":"949a0d8b-0baf-4bd8-957e-57ad0b316b12","ParentWorkflowIdentifier":"9645f571-e71c-47a7-be5c-ace3a94f7a71","Name":"AsyncPollingInterval","Value":"3600"},{"ParentStepIdentifier":"949a0d8b-0baf-4bd8-957e-57ad0b316b12","ParentWorkflowIdentifier":"9645f571-e71c-47a7-be5c-ace3a94f7a71","Name":"DynamicInjectionInstancePlaceholder","Value":""},{"ParentStepIdentifier":"949a0d8b-0baf-4bd8-957e-57ad0b316b12","ParentWorkflowIdentifier":"9645f571-e71c-47a7-be5c-ace3a94f7a71","Name":"FallbackIntegrationInstance","Value":null},{"ParentStepIdentifier":"949a0d8b-0baf-4bd8-957e-57ad0b316b12","ParentWorkflowIdentifier":"9645f571-e71c-47a7-be5c-ace3a94f7a71","Name":"FetchInstanceByName","Value":"false"},{"ParentStepIdentifier":"949a0d8b-0baf-4bd8-957e-57ad0b316b12","ParentWorkflowIdentifier":"9645f571-e71c-47a7-be5c-ace3a94f7a71","Name":"HasApprovalLink","Value":null},{"ParentStepIdentifier":"949a0d8b-0baf-4bd8-957e-57ad0b316b12","ParentWorkflowIdentifier":"9645f571-e71c-47a7-be5c-ace3a94f7a71","Name":"IntegrationInstance","Value":"3fab9106-1024-4521-848e-26f63936f4c8"},{"ParentStepIdentifier":"949a0d8b-0baf-4bd8-957e-57ad0b316b12","ParentWorkflowIdentifier":"9645f571-e71c-47a7-be5c-ace3a94f7a71","Name":"MessageToAssignee","Value":null},{"ParentStepIdentifier":"949a0d8b-0baf-4bd8-957e-57ad0b316b12","ParentWorkflowIdentifier":"9645f571-e71c-47a7-be5c-ace3a94f7a71","Name":"PendingActionTimeout","Value":null},{"ParentStepIdentifier":"949a0d8b-0baf-4bd8-957e-57ad0b316b12","ParentWorkflowIdentifier":"9645f571-e71c-47a7-be5c-ace3a94f7a71","Name":"ScriptName","Value":"VectraQUX_List Entity Detections"},{"ParentStepIdentifier":"949a0d8b-0baf-4bd8-957e-57ad0b316b12","ParentWorkflowIdentifier":"9645f571-e71c-47a7-be5c-ace3a94f7a71","Name":"ScriptParametersEntityFields","Value":"{\"Limit\":\"\",\"Entity ID\":\"[Alert.Id]\",\"Entity Type\":\"Account\",\"State\":\"Active\"}"},{"ParentStepIdentifier":"949a0d8b-0baf-4bd8-957e-57ad0b316b12","ParentWorkflowIdentifier":"9645f571-e71c-47a7-be5c-ace3a94f7a71","Name":"SelectedScopeName","Value":"All entities"}],"AutoSkipOnFailure":false,"IsDebugMockData":false,"StepDebugData":{"CreationTimeUnixTimeInMs":0,"ModificationTimeUnixTimeInMs":0,"OriginalWorkflowIdentifier":"9645f571-e71c-47a7-be5c-ace3a94f7a71","OriginalStepIdentifier":"949a0d8b-0baf-4bd8-957e-57ad0b316b12","ResultValue":"","ResultJson":"","ScopeEntitiesEnrichmentData":[],"ScopeEntitiesEnrichmentDataJson":"[]"},"ParentStepContainerId":null,"IsTouchedByAi":false,"ParallelActions":[]},{"Identifier":"a3b68901-2883-4388-872e-2e286b058f59","OriginalStepIdentifier":"a3b68901-2883-4388-872e-2e286b058f59","ParentWorkflowIdentifier":"9645f571-e71c-47a7-be5c-ace3a94f7a71","ParentStepIdentifiers":["d282f35a-ad54-486a-b821-d958d84b76b3"],"ParentStepIdentifier":"d282f35a-ad54-486a-b821-d958d84b76b3","PreviousResultCondition":"{\n  \"d282f35a-ad54-486a-b821-d958d84b76b3\": \"2\"\n}","InstanceName":"Host List Detection","IsAutomatic":true,"Name":"VectraQUX_List Entity Detections","IsSkippable":false,"Description":"List all detections from given Host id","ActionProvider":"Scripts","ActionName":"VectraQUX_List Entity Detections","Type":0,"Integration":"VectraQUX","Parameters":[{"ParentStepIdentifier":"a3b68901-2883-4388-872e-2e286b058f59","ParentWorkflowIdentifier":"9645f571-e71c-47a7-be5c-ace3a94f7a71","Name":"AssignedUsers","Value":null},{"ParentStepIdentifier":"a3b68901-2883-4388-872e-2e286b058f59","ParentWorkflowIdentifier":"9645f571-e71c-47a7-be5c-ace3a94f7a71","Name":"AsyncActionTimeout","Value":"86400"},{"ParentStepIdentifier":"a3b68901-2883-4388-872e-2e286b058f59","ParentWorkflowIdentifier":"9645f571-e71c-47a7-be5c-ace3a94f7a71","Name":"AsyncPollingInterval","Value":"3600"},{"ParentStepIdentifier":"a3b68901-2883-4388-872e-2e286b058f59","ParentWorkflowIdentifier":"9645f571-e71c-47a7-be5c-ace3a94f7a71","Name":"DynamicInjectionInstancePlaceholder","Value":""},{"ParentStepIdentifier":"a3b68901-2883-4388-872e-2e286b058f59","ParentWorkflowIdentifier":"9645f571-e71c-47a7-be5c-ace3a94f7a71","Name":"FallbackIntegrationInstance","Value":null},{"ParentStepIdentifier":"a3b68901-2883-4388-872e-2e286b058f59","ParentWorkflowIdentifier":"9645f571-e71c-47a7-be5c-ace3a94f7a71","Name":"FetchInstanceByName","Value":"false"},{"ParentStepIdentifier":"a3b68901-2883-4388-872e-2e286b058f59","ParentWorkflowIdentifier":"9645f571-e71c-47a7-be5c-ace3a94f7a71","Name":"HasApprovalLink","Value":null},{"ParentStepIdentifier":"a3b68901-2883-4388-872e-2e286b058f59","ParentWorkflowIdentifier":"9645f571-e71c-47a7-be5c-ace3a94f7a71","Name":"IntegrationInstance","Value":"3fab9106-1024-4521-848e-26f63936f4c8"},{"ParentStepIdentifier":"a3b68901-2883-4388-872e-2e286b058f59","ParentWorkflowIdentifier":"9645f571-e71c-47a7-be5c-ace3a94f7a71","Name":"MessageToAssignee","Value":null},{"ParentStepIdentifier":"a3b68901-2883-4388-872e-2e286b058f59","ParentWorkflowIdentifier":"9645f571-e71c-47a7-be5c-ace3a94f7a71","Name":"PendingActionTimeout","Value":null},{"ParentStepIdentifier":"a3b68901-2883-4388-872e-2e286b058f59","ParentWorkflowIdentifier":"9645f571-e71c-47a7-be5c-ace3a94f7a71","Name":"ScriptName","Value":"VectraQUX_List Entity Detections"},{"ParentStepIdentifier":"a3b68901-2883-4388-872e-2e286b058f59","ParentWorkflowIdentifier":"9645f571-e71c-47a7-be5c-ace3a94f7a71","Name":"ScriptParametersEntityFields","Value":"{\"Limit\":\"\",\"Entity ID\":\"[Alert.Id]\",\"Entity Type\":\"Host\",\"State\":\"Active\"}"},{"ParentStepIdentifier":"a3b68901-2883-4388-872e-2e286b058f59","ParentWorkflowIdentifier":"9645f571-e71c-47a7-be5c-ace3a94f7a71","Name":"SelectedScopeName","Value":"All entities"}],"AutoSkipOnFailure":false,"IsDebugMockData":false,"StepDebugData":null,"ParentStepContainerId":null,"IsTouchedByAi":false,"ParallelActions":[]},{"Identifier":"b1f9787f-893b-40c1-84c2-4021ffc82420","OriginalStepIdentifier":"b1f9787f-893b-40c1-84c2-4021ffc82420","ParentWorkflowIdentifier":"9645f571-e71c-47a7-be5c-ace3a94f7a71","ParentStepIdentifiers":["3819b9b2-3a7e-4d84-b7c1-02e8ad708781"],"ParentStepIdentifier":"3819b9b2-3a7e-4d84-b7c1-02e8ad708781","PreviousResultCondition":"{}","InstanceName":"Host Resolve Assignment","IsAutomatic":false,"Name":"VectraQUX_Resolve Assignment","IsSkippable":false,"Description":"The goal of this action is to be able resolve assignment for the host.","ActionProvider":"Scripts","ActionName":"VectraQUX_Resolve Assignment","Type":0,"Integration":"VectraQUX","Parameters":[{"ParentStepIdentifier":"b1f9787f-893b-40c1-84c2-4021ffc82420","ParentWorkflowIdentifier":"9645f571-e71c-47a7-be5c-ace3a94f7a71","Name":"AssignedUsers","Value":null},{"ParentStepIdentifier":"b1f9787f-893b-40c1-84c2-4021ffc82420","ParentWorkflowIdentifier":"9645f571-e71c-47a7-be5c-ace3a94f7a71","Name":"AsyncActionTimeout","Value":"86400"},{"ParentStepIdentifier":"b1f9787f-893b-40c1-84c2-4021ffc82420","ParentWorkflowIdentifier":"9645f571-e71c-47a7-be5c-ace3a94f7a71","Name":"AsyncPollingInterval","Value":"3600"},{"ParentStepIdentifier":"b1f9787f-893b-40c1-84c2-4021ffc82420","ParentWorkflowIdentifier":"9645f571-e71c-47a7-be5c-ace3a94f7a71","Name":"DynamicInjectionInstancePlaceholder","Value":""},{"ParentStepIdentifier":"b1f9787f-893b-40c1-84c2-4021ffc82420","ParentWorkflowIdentifier":"9645f571-e71c-47a7-be5c-ace3a94f7a71","Name":"FallbackIntegrationInstance","Value":null},{"ParentStepIdentifier":"b1f9787f-893b-40c1-84c2-4021ffc82420","ParentWorkflowIdentifier":"9645f571-e71c-47a7-be5c-ace3a94f7a71","Name":"FetchInstanceByName","Value":"false"},{"ParentStepIdentifier":"b1f9787f-893b-40c1-84c2-4021ffc82420","ParentWorkflowIdentifier":"9645f571-e71c-47a7-be5c-ace3a94f7a71","Name":"HasApprovalLink","Value":"true"},{"ParentStepIdentifier":"b1f9787f-893b-40c1-84c2-4021ffc82420","ParentWorkflowIdentifier":"9645f571-e71c-47a7-be5c-ace3a94f7a71","Name":"IntegrationInstance","Value":"3fab9106-1024-4521-848e-26f63936f4c8"},{"ParentStepIdentifier":"b1f9787f-893b-40c1-84c2-4021ffc82420","ParentWorkflowIdentifier":"9645f571-e71c-47a7-be5c-ace3a94f7a71","Name":"MessageToAssignee","Value":null},{"ParentStepIdentifier":"b1f9787f-893b-40c1-84c2-4021ffc82420","ParentWorkflowIdentifier":"9645f571-e71c-47a7-be5c-ace3a94f7a71","Name":"PendingActionTimeout","Value":null},{"ParentStepIdentifier":"b1f9787f-893b-40c1-84c2-4021ffc82420","ParentWorkflowIdentifier":"9645f571-e71c-47a7-be5c-ace3a94f7a71","Name":"ScriptName","Value":"VectraQUX_Resolve Assignment"},{"ParentStepIdentifier":"b1f9787f-893b-40c1-84c2-4021ffc82420","ParentWorkflowIdentifier":"9645f571-e71c-47a7-be5c-ace3a94f7a71","Name":"ScriptParametersEntityFields","Value":"{\"Outcome ID\":\"1\",\"Note Title\":\"Note\",\"Triage As\":\" csoar - [Case.Id]\",\"Detection IDs\":\"[Host List Detection.JsonResult| filter(\\\"is_triaged\\\", \\\"=\\\", \\\"false\\\") | \\\"id\\\"]\\n\",\"Assignment ID\":\"[Host List Assignment.JsonResult| filter(\\\"date_resolved\\\", \\\"=\\\", \\\"\\\") | \\\"id\\\"]\\n\"}"},{"ParentStepIdentifier":"b1f9787f-893b-40c1-84c2-4021ffc82420","ParentWorkflowIdentifier":"9645f571-e71c-47a7-be5c-ace3a94f7a71","Name":"SelectedScopeName","Value":"All entities"}],"AutoSkipOnFailure":false,"IsDebugMockData":false,"StepDebugData":{"CreationTimeUnixTimeInMs":0,"ModificationTimeUnixTimeInMs":0,"OriginalWorkflowIdentifier":"9645f571-e71c-47a7-be5c-ace3a94f7a71","OriginalStepIdentifier":"b1f9787f-893b-40c1-84c2-4021ffc82420","ResultValue":"","ResultJson":"","ScopeEntitiesEnrichmentData":[],"ScopeEntitiesEnrichmentDataJson":"[]"},"ParentStepContainerId":null,"IsTouchedByAi":false,"ParallelActions":[]},{"Identifier":"c838c39a-ebbd-4ef6-8197-347527012b38","OriginalStepIdentifier":"c838c39a-ebbd-4ef6-8197-347527012b38","ParentWorkflowIdentifier":"9645f571-e71c-47a7-be5c-ace3a94f7a71","ParentStepIdentifiers":["8eb8ba86-b55f-4656-bd88-7b7ccadb1ff1","d47eed8b-ff7f-4ad9-b513-687e01a9c87a"],"ParentStepIdentifier":"8eb8ba86-b55f-4656-bd88-7b7ccadb1ff1;d47eed8b-ff7f-4ad9-b513-687e01a9c87a","PreviousResultCondition":"{}","InstanceName":"Close Case","IsAutomatic":false,"Name":"Siemplify_Close Case","IsSkippable":false,"Description":"Closes the case the current alert has been grouped to","ActionProvider":"Scripts","ActionName":"Siemplify_Close Case","Type":0,"Integration":"Siemplify","Parameters":[{"ParentStepIdentifier":"c838c39a-ebbd-4ef6-8197-347527012b38","ParentWorkflowIdentifier":"9645f571-e71c-47a7-be5c-ace3a94f7a71","Name":"AssignedUsers","Value":null},{"ParentStepIdentifier":"c838c39a-ebbd-4ef6-8197-347527012b38","ParentWorkflowIdentifier":"9645f571-e71c-47a7-be5c-ace3a94f7a71","Name":"AsyncActionTimeout","Value":"86400"},{"ParentStepIdentifier":"c838c39a-ebbd-4ef6-8197-347527012b38","ParentWorkflowIdentifier":"9645f571-e71c-47a7-be5c-ace3a94f7a71","Name":"AsyncPollingInterval","Value":"3600"},{"ParentStepIdentifier":"c838c39a-ebbd-4ef6-8197-347527012b38","ParentWorkflowIdentifier":"9645f571-e71c-47a7-be5c-ace3a94f7a71","Name":"DynamicInjectionInstancePlaceholder","Value":""},{"ParentStepIdentifier":"c838c39a-ebbd-4ef6-8197-347527012b38","ParentWorkflowIdentifier":"9645f571-e71c-47a7-be5c-ace3a94f7a71","Name":"FallbackIntegrationInstance","Value":null},{"ParentStepIdentifier":"c838c39a-ebbd-4ef6-8197-347527012b38","ParentWorkflowIdentifier":"9645f571-e71c-47a7-be5c-ace3a94f7a71","Name":"FetchInstanceByName","Value":"false"},{"ParentStepIdentifier":"c838c39a-ebbd-4ef6-8197-347527012b38","ParentWorkflowIdentifier":"9645f571-e71c-47a7-be5c-ace3a94f7a71","Name":"HasApprovalLink","Value":null},{"ParentStepIdentifier":"c838c39a-ebbd-4ef6-8197-347527012b38","ParentWorkflowIdentifier":"9645f571-e71c-47a7-be5c-ace3a94f7a71","Name":"IntegrationInstance","Value":"567ed428-d323-4e4d-b9a3-60d9a6948172"},{"ParentStepIdentifier":"c838c39a-ebbd-4ef6-8197-347527012b38","ParentWorkflowIdentifier":"9645f571-e71c-47a7-be5c-ace3a94f7a71","Name":"MessageToAssignee","Value":null},{"ParentStepIdentifier":"c838c39a-ebbd-4ef6-8197-347527012b38","ParentWorkflowIdentifier":"9645f571-e71c-47a7-be5c-ace3a94f7a71","Name":"PendingActionTimeout","Value":null},{"ParentStepIdentifier":"c838c39a-ebbd-4ef6-8197-347527012b38","ParentWorkflowIdentifier":"9645f571-e71c-47a7-be5c-ace3a94f7a71","Name":"ScriptName","Value":"Siemplify_Close Case"},{"ParentStepIdentifier":"c838c39a-ebbd-4ef6-8197-347527012b38","ParentWorkflowIdentifier":"9645f571-e71c-47a7-be5c-ace3a94f7a71","Name":"ScriptParametersEntityFields","Value":"{\"Reason\":\"NotMalicious\",\"Root Cause\":\"Other\",\"Comment\":\"False Positive\"}"},{"ParentStepIdentifier":"c838c39a-ebbd-4ef6-8197-347527012b38","ParentWorkflowIdentifier":"9645f571-e71c-47a7-be5c-ace3a94f7a71","Name":"SelectedScopeName","Value":"All entities"}],"AutoSkipOnFailure":true,"IsDebugMockData":false,"StepDebugData":{"CreationTimeUnixTimeInMs":0,"ModificationTimeUnixTimeInMs":0,"OriginalWorkflowIdentifier":"9645f571-e71c-47a7-be5c-ace3a94f7a71","OriginalStepIdentifier":"c838c39a-ebbd-4ef6-8197-347527012b38","ResultValue":"","ResultJson":"","ScopeEntitiesEnrichmentData":[],"ScopeEntitiesEnrichmentDataJson":"[]"},"ParentStepContainerId":null,"IsTouchedByAi":false,"ParallelActions":[]},{"Identifier":"d282f35a-ad54-486a-b821-d958d84b76b3","OriginalStepIdentifier":"d282f35a-ad54-486a-b821-d958d84b76b3","ParentWorkflowIdentifier":"9645f571-e71c-47a7-be5c-ace3a94f7a71","ParentStepIdentifiers":[],"ParentStepIdentifier":"","PreviousResultCondition":null,"InstanceName":"Checking Type of the Entity","IsAutomatic":true,"Name":"Condition","IsSkippable":false,"Description":"Checking that entity type is \"Host\" or \"Account\"","ActionProvider":"Flow","ActionName":"IfFlowCondition","Type":4,"Integration":"Flow","Parameters":[{"ParentStepIdentifier":"d282f35a-ad54-486a-b821-d958d84b76b3","ParentWorkflowIdentifier":"9645f571-e71c-47a7-be5c-ace3a94f7a71","Name":"AssignedUsers","Value":null},{"ParentStepIdentifier":"d282f35a-ad54-486a-b821-d958d84b76b3","ParentWorkflowIdentifier":"9645f571-e71c-47a7-be5c-ace3a94f7a71","Name":"Branches","Value":"[{\"LogicalOperator\":0,\"Conditions\":[{\"Operator\":0,\"FieldName\":\"[Alert.entity_type]\",\"Type\":2,\"Value\":\"account\"}],\"Order\":1,\"IsDefaultBranch\":false,\"Name\":\"account\"},{\"LogicalOperator\":0,\"Conditions\":[],\"Order\":3,\"IsDefaultBranch\":true,\"Name\":\"Branch\"},{\"LogicalOperator\":0,\"Conditions\":[{\"Operator\":0,\"FieldName\":\"[Alert.entity_type]\",\"Type\":2,\"Value\":\"host\"}],\"Order\":2,\"IsDefaultBranch\":false,\"Name\":\"host\"}]"},{"ParentStepIdentifier":"d282f35a-ad54-486a-b821-d958d84b76b3","ParentWorkflowIdentifier":"9645f571-e71c-47a7-be5c-ace3a94f7a71","Name":"DynamicInjectionInstancePlaceholder","Value":null},{"ParentStepIdentifier":"d282f35a-ad54-486a-b821-d958d84b76b3","ParentWorkflowIdentifier":"9645f571-e71c-47a7-be5c-ace3a94f7a71","Name":"ErrorFallbackBranch","Value":null},{"ParentStepIdentifier":"d282f35a-ad54-486a-b821-d958d84b76b3","ParentWorkflowIdentifier":"9645f571-e71c-47a7-be5c-ace3a94f7a71","Name":"FetchInstanceByName","Value":null},{"ParentStepIdentifier":"d282f35a-ad54-486a-b821-d958d84b76b3","ParentWorkflowIdentifier":"9645f571-e71c-47a7-be5c-ace3a94f7a71","Name":"HasApprovalLink","Value":null},{"ParentStepIdentifier":"d282f35a-ad54-486a-b821-d958d84b76b3","ParentWorkflowIdentifier":"9645f571-e71c-47a7-be5c-ace3a94f7a71","Name":"MessageToAssignee","Value":null},{"ParentStepIdentifier":"d282f35a-ad54-486a-b821-d958d84b76b3","ParentWorkflowIdentifier":"9645f571-e71c-47a7-be5c-ace3a94f7a71","Name":"PendingActionTimeout","Value":null},{"ParentStepIdentifier":"d282f35a-ad54-486a-b821-d958d84b76b3","ParentWorkflowIdentifier":"9645f571-e71c-47a7-be5c-ace3a94f7a71","Name":"SelectedScopeName","Value":"All entities"}],"AutoSkipOnFailure":false,"IsDebugMockData":false,"StepDebugData":null,"ParentStepContainerId":null,"IsTouchedByAi":false,"ParallelActions":[]},{"Identifier":"d47eed8b-ff7f-4ad9-b513-687e01a9c87a","OriginalStepIdentifier":"d47eed8b-ff7f-4ad9-b513-687e01a9c87a","ParentWorkflowIdentifier":"9645f571-e71c-47a7-be5c-ace3a94f7a71","ParentStepIdentifiers":["6bdb7de5-d001-4c43-bea3-172062d76d11"],"ParentStepIdentifier":"6bdb7de5-d001-4c43-bea3-172062d76d11","PreviousResultCondition":"{}","InstanceName":"Account Add Note","IsAutomatic":false,"Name":"VectraQUX_Add Note","IsSkippable":false,"Description":"Adding a note to account","ActionProvider":"Scripts","ActionName":"VectraQUX_Add Note","Type":0,"Integration":"VectraQUX","Parameters":[{"ParentStepIdentifier":"d47eed8b-ff7f-4ad9-b513-687e01a9c87a","ParentWorkflowIdentifier":"9645f571-e71c-47a7-be5c-ace3a94f7a71","Name":"AssignedUsers","Value":null},{"ParentStepIdentifier":"d47eed8b-ff7f-4ad9-b513-687e01a9c87a","ParentWorkflowIdentifier":"9645f571-e71c-47a7-be5c-ace3a94f7a71","Name":"AsyncActionTimeout","Value":"86400"},{"ParentStepIdentifier":"d47eed8b-ff7f-4ad9-b513-687e01a9c87a","ParentWorkflowIdentifier":"9645f571-e71c-47a7-be5c-ace3a94f7a71","Name":"AsyncPollingInterval","Value":"3600"},{"ParentStepIdentifier":"d47eed8b-ff7f-4ad9-b513-687e01a9c87a","ParentWorkflowIdentifier":"9645f571-e71c-47a7-be5c-ace3a94f7a71","Name":"DynamicInjectionInstancePlaceholder","Value":""},{"ParentStepIdentifier":"d47eed8b-ff7f-4ad9-b513-687e01a9c87a","ParentWorkflowIdentifier":"9645f571-e71c-47a7-be5c-ace3a94f7a71","Name":"FallbackIntegrationInstance","Value":null},{"ParentStepIdentifier":"d47eed8b-ff7f-4ad9-b513-687e01a9c87a","ParentWorkflowIdentifier":"9645f571-e71c-47a7-be5c-ace3a94f7a71","Name":"FetchInstanceByName","Value":"false"},{"ParentStepIdentifier":"d47eed8b-ff7f-4ad9-b513-687e01a9c87a","ParentWorkflowIdentifier":"9645f571-e71c-47a7-be5c-ace3a94f7a71","Name":"HasApprovalLink","Value":"true"},{"ParentStepIdentifier":"d47eed8b-ff7f-4ad9-b513-687e01a9c87a","ParentWorkflowIdentifier":"9645f571-e71c-47a7-be5c-ace3a94f7a71","Name":"IntegrationInstance","Value":"3fab9106-1024-4521-848e-26f63936f4c8"},{"ParentStepIdentifier":"d47eed8b-ff7f-4ad9-b513-687e01a9c87a","ParentWorkflowIdentifier":"9645f571-e71c-47a7-be5c-ace3a94f7a71","Name":"MessageToAssignee","Value":null},{"ParentStepIdentifier":"d47eed8b-ff7f-4ad9-b513-687e01a9c87a","ParentWorkflowIdentifier":"9645f571-e71c-47a7-be5c-ace3a94f7a71","Name":"PendingActionTimeout","Value":null},{"ParentStepIdentifier":"d47eed8b-ff7f-4ad9-b513-687e01a9c87a","ParentWorkflowIdentifier":"9645f571-e71c-47a7-be5c-ace3a94f7a71","Name":"ScriptName","Value":"VectraQUX_Add Note"},{"ParentStepIdentifier":"d47eed8b-ff7f-4ad9-b513-687e01a9c87a","ParentWorkflowIdentifier":"9645f571-e71c-47a7-be5c-ace3a94f7a71","Name":"ScriptParametersEntityFields","Value":"{\"Note\":\"Case has been closed for account [Alert.Id]\",\"Entity ID\":\"[Alert.Id]\",\"Entity Type\":\"Account\"}"},{"ParentStepIdentifier":"d47eed8b-ff7f-4ad9-b513-687e01a9c87a","ParentWorkflowIdentifier":"9645f571-e71c-47a7-be5c-ace3a94f7a71","Name":"SelectedScopeName","Value":"All entities"}],"AutoSkipOnFailure":false,"IsDebugMockData":false,"StepDebugData":{"CreationTimeUnixTimeInMs":0,"ModificationTimeUnixTimeInMs":0,"OriginalWorkflowIdentifier":"9645f571-e71c-47a7-be5c-ace3a94f7a71","OriginalStepIdentifier":"d47eed8b-ff7f-4ad9-b513-687e01a9c87a","ResultValue":"","ResultJson":"","ScopeEntitiesEnrichmentData":[],"ScopeEntitiesEnrichmentDataJson":"[]"},"ParentStepContainerId":null,"IsTouchedByAi":false,"ParallelActions":[]},{"Identifier":"e916dbb6-7056-410e-b8f9-80b3580f3727","OriginalStepIdentifier":"e916dbb6-7056-410e-b8f9-80b3580f3727","ParentWorkflowIdentifier":"9645f571-e71c-47a7-be5c-ace3a94f7a71","ParentStepIdentifiers":["b1f9787f-893b-40c1-84c2-4021ffc82420"],"ParentStepIdentifier":"b1f9787f-893b-40c1-84c2-4021ffc82420","PreviousResultCondition":"{}","InstanceName":"Host Marking Detection Fixed","IsAutomatic":true,"Name":"VectraQUX_Mark Detection Fixed","IsSkippable":false,"Description":"The goal of this action is to be able to set given detections as fixed.","ActionProvider":"Scripts","ActionName":"VectraQUX_Mark Detection Fixed","Type":0,"Integration":"VectraQUX","Parameters":[{"ParentStepIdentifier":"e916dbb6-7056-410e-b8f9-80b3580f3727","ParentWorkflowIdentifier":"9645f571-e71c-47a7-be5c-ace3a94f7a71","Name":"AssignedUsers","Value":null},{"ParentStepIdentifier":"e916dbb6-7056-410e-b8f9-80b3580f3727","ParentWorkflowIdentifier":"9645f571-e71c-47a7-be5c-ace3a94f7a71","Name":"AsyncActionTimeout","Value":"86400"},{"ParentStepIdentifier":"e916dbb6-7056-410e-b8f9-80b3580f3727","ParentWorkflowIdentifier":"9645f571-e71c-47a7-be5c-ace3a94f7a71","Name":"AsyncPollingInterval","Value":"3600"},{"ParentStepIdentifier":"e916dbb6-7056-410e-b8f9-80b3580f3727","ParentWorkflowIdentifier":"9645f571-e71c-47a7-be5c-ace3a94f7a71","Name":"DynamicInjectionInstancePlaceholder","Value":""},{"ParentStepIdentifier":"e916dbb6-7056-410e-b8f9-80b3580f3727","ParentWorkflowIdentifier":"9645f571-e71c-47a7-be5c-ace3a94f7a71","Name":"FallbackIntegrationInstance","Value":null},{"ParentStepIdentifier":"e916dbb6-7056-410e-b8f9-80b3580f3727","ParentWorkflowIdentifier":"9645f571-e71c-47a7-be5c-ace3a94f7a71","Name":"FetchInstanceByName","Value":"false"},{"ParentStepIdentifier":"e916dbb6-7056-410e-b8f9-80b3580f3727","ParentWorkflowIdentifier":"9645f571-e71c-47a7-be5c-ace3a94f7a71","Name":"HasApprovalLink","Value":null},{"ParentStepIdentifier":"e916dbb6-7056-410e-b8f9-80b3580f3727","ParentWorkflowIdentifier":"9645f571-e71c-47a7-be5c-ace3a94f7a71","Name":"IntegrationInstance","Value":"3fab9106-1024-4521-848e-26f63936f4c8"},{"ParentStepIdentifier":"e916dbb6-7056-410e-b8f9-80b3580f3727","ParentWorkflowIdentifier":"9645f571-e71c-47a7-be5c-ace3a94f7a71","Name":"MessageToAssignee","Value":null},{"ParentStepIdentifier":"e916dbb6-7056-410e-b8f9-80b3580f3727","ParentWorkflowIdentifier":"9645f571-e71c-47a7-be5c-ace3a94f7a71","Name":"PendingActionTimeout","Value":null},{"ParentStepIdentifier":"e916dbb6-7056-410e-b8f9-80b3580f3727","ParentWorkflowIdentifier":"9645f571-e71c-47a7-be5c-ace3a94f7a71","Name":"ScriptName","Value":"VectraQUX_Mark Detection Fixed"},{"ParentStepIdentifier":"e916dbb6-7056-410e-b8f9-80b3580f3727","ParentWorkflowIdentifier":"9645f571-e71c-47a7-be5c-ace3a94f7a71","Name":"ScriptParametersEntityFields","Value":"{\"Detection IDs\":\"[Host List Detection.JsonResult| filter(\\\"is_triaged\\\", \\\"=\\\", \\\"false\\\") | \\\"id\\\"]\"}"},{"ParentStepIdentifier":"e916dbb6-7056-410e-b8f9-80b3580f3727","ParentWorkflowIdentifier":"9645f571-e71c-47a7-be5c-ace3a94f7a71","Name":"SelectedScopeName","Value":"All entities"}],"AutoSkipOnFailure":false,"IsDebugMockData":false,"StepDebugData":null,"ParentStepContainerId":null,"IsTouchedByAi":false,"ParallelActions":[]}],"Triggers":[{"Identifier":"280375a7-b975-49b5-9c27-fde69e76d4f9","IsEnabled":true,"DefinitionIdentifier":"9645f571-e71c-47a7-be5c-ace3a94f7a71","Type":10,"WorkflowName":null,"LogicalOperator":0,"Conditions":[{"FieldName":"[Alert.Product]","MatchType":0,"Value":"Vectra QUX"}],"Environments":["Default Environment"]}],"OverviewTemplates":[],"Permissions":[],"Environments":["Default Environment"]}}